I054C0247,W1KG10193
IE0790BB4,W21807
ID9F16FA8,W1KG12986
IF4458553,W21809
IC8285444,W21813
I55CBFBFB,W27300
I87BD0B06,W23468
I440DD02D,W2CZ7900
I90077902,W1PD159424
I474704E0,W2PD20078
I59F45940,W3PD1002
IFE4EE947,W4CZ58847
I327F2A44,W2DB16631
ID318D936,W4PD2082
I03C500A5,W7477
I284BCBB7,W8LS25468
I4C98DDE1,W8LS31241
I1AB1AA38,W5062
IAF553EA4,W00EGS1017070
IF80B9928,W19461
I2DAA4982,W12827
IAC14B84C,W1AC308
I48F948D4,W1AC343
I5539653A,W1KG14511
I6E852116,W1NLM26
I4C14112D,W1NLM3268
I0FE90B5B,W1NLM4058
I11807B8B,W1KG4884
IE8AABFE0,W21701
I204E8F24,W2PD17412
I6A14F58D,W3JT13748
I3041CB17,W4CZ307388
IE365997F,W4CZ332266
I4A3929CB,W8LS68220
I10E7C377,W8LS68226
IC99AA731,W8LS73790
I4F25DE8D,W8LS73793
I5103AB0B,W8LS73797
IFF99C76F,W8LS73800
I4158296F,W8LS73806
I39ABECBB,W942
IF1483134,W1KG20638
I81A4B7FF,W20510
I83FFEC81,W2PD17386
I4382ABA6,W2PD17390
IFAAE93EC,W1PD100944
IAE9DDBD7,W2PD17428
IACA04BA4,W30285
I8A4F89A8,W00EGS1016612
IF01351B5,W00EGS1016787
IBBA4BBBF,W00EGS1016954
IB32E7747,W00EGS1017117
I3CA25B83,W00EGS1017319
I789D7E1C,W00EGS1017555
I5F847997,W00KG010266
I517558EC,W00KG01522
IFA1766FF,W00KG017
IA25E4195,W00KG02329
I99BB9101,W00KG02762
I6DBF1F9D,W00KG02764
I725C78A4,W2PD17429
I1E811411,W00KG03598
I7FF90344,W00KG03888
IA1F1AD71,W00KG02837
IA8DA0484,W00KG0538
I8453D6E3,W00KG06
I441C9114,W00KG0547
I41A0DC19,W00KG0618
I54F0991B,W00KG07600
I442E9724,W00KG07627
IBBB33A42,W00KG07633
IFC597309,W00KG08442
I1CDA2F11,W00KG08457
I39973644,W00PD1011326
IBE4B43D8,W11395
I7CA4921E,W11757
I43C61598,W11826
I3A384B34,W12164
ICC4F4D7C,W12486
IDA0405F0,W13887
I1ED17414,W14130
IB801BFFE,W14322
IC44477EC,W15222
I5F3553E9,W15229
I364B36BD,W15915
I34543E8A,W00KG09662
I22100E81,W17199
I6380ECBE,W17722
I7846C93A,W17320
I3911AEF0,W18124
I17A11104,W18127
I640F0838,W18133
IC97191A7,W18139
I1C9A3CBC,W18300
IAEB0949A,W18598
I444B484C,W19220
IBBBBA015,W19357
I394F6B6E,W19479
I14EEAB2C,W19567
I74A7EAE8,W18123
IFB2207EB,W19680
IBC436EB4,W19678
I0EB05EE3,W19704
IB377AF6A,W19803
IAE1BCD12,W19848
I50677505,W19956
I384D964E,W19964
I2E9F52A4,W19965
I0B70077D,W19968
IBC3B6914,W19970
IED22111B,W19976
I8E23DD3E,W19981
I2C2B9224,W19992
IC2003AAC,W1AB6
IABCECDFF,W1AB7
IDCF94971,W1AC2
I686868A8,W1AC218
I94504865,W1AC222
IBBBE4C57,W1AC223
IAC116B84,W1AC227
I366C0B34,W1AC228
IAC90898D,W1AC229
IC3FF3234,W1AC230
I0702E2C2,W1AC231
IC4D295C3,W1AC232
I0B5BA801,W1AC233
I44444446,W1AC235
I245590F7,W1AC236
I990BEBAF,W1AC237
IBB6BB1F8,W1AC239
I30B89B30,W1AC240
I7515D347,W1AC241
I55A8FAB9,W1AC242
IEACAC144,W1AC244
I5E2D855E,W1AC246
IDCAE0C02,W1AC247
IF8E51C1A,W1AC249
IA30A60D6,W1AC250
I7A364068,W1AC252
I01C496B0,W1AC254
I4CF5F047,W1AC255
I4477EF9B,W1AC257
I29D49278,W1AC258
I7EA5FEA7,W1AC259
I9E1423D1,W1AC260
IB0F2E2C7,W1AC261
IC0976B88,W1AC278
IF7C25EFF,W1AC285
I9BC420C0,W1AC287
I0F68018D,W1AC288
I28FCAE87,W1AC289
I02F5605A,W1AC291
I0B70C9BF,W1AC298
I6FF89BA1,W1AC294
I66BCB2B2,W1AC296
I40647BDD,W1AC299
IA3977F4E,W1AC3
I5E55598B,W1AC300
IFFEC4E52,W1AC301
I3AAFFF95,W1AC306
I686D1F85,W1AC307
ID8C763D9,W1AC310
I8AD7437A,W1AC305
IBE4B59CB,W1AC311
IA1290498,W1AC312
I194E618F,W1AC313
I9F77769C,W1AC316
I093AD386,W1AC317
I12F221AB,W1AC318
I1BACF9C4,W1AC319
I6ECC334C,W1AC314
I12290112,W1AC331
I6A81AD8A,W1AC340
I8D2E682D,W1AC341
I08D04E50,W1AC345
I4052606B,W1AC354
IDA4D8AD9,W1AC356
I0D9C5088,W1AC309
I2B246BBE,W1AC358
I8050D6F6,W1AC357
I34426249,W1AC360
I1AACDD7A,W1AC355
I4A0DCF02,W1AC359
IA2C797EE,W1AC361
ICAEDBE4C,W1AC365
IE8795715,W1AC372
I5F19AF9B,W1AC373
I6CFBDADE,W1AC371
IF149FBD4,W1AC364
IF68F5FC5,W1AC377
IDC0CB72B,W1AC378
I738290FB,W1AC379
I3FC30B84,W1AC380
I7BCAEAA3,W1AC381
IB73F79FB,W1AC382
I83C72272,W1AC374
IF8FCC10C,W1AC384
I97FFAC76,W1AC383
I2420FA5E,W1AC385
ID414D9DD,W1AC386
I9C9F524A,W1AC388
I2037C5B9,W1AC387
I098E2A5B,W1AC389
I9DCE34AB,W1AC390
IF3AC3351,W1AC393
I723F6DDF,W1AC394
IAC913F3A,W1AC395
ID8AB05DD,W1AC375
I49DBD85A,W1AC400
I5B861857,W1AC4
IA014CAD8,W1AC392
I1B017848,W1AC407
ICC6DE427,W1AC406
IBBAFB9F5,W1AC412
I5D8667D6,W1AC411
I7987E4DE,W1AC413
I55052E32,W1AC414
IC8C694CC,W1AC415
I27C660D6,W1AC416
I3B3D0FBD,W1AC418
IE7924C89,W1AC417
ICFEEEFFD,W1AC420
ID6CB6FFB,W1AC421
IAABF5C69,W1AC422
I786D2FB6,W1AC423
IE595BC5A,W1AC424
I17A75821,W1AC425
I23F31308,W1AC426
I3168C6E0,W1AC427
I1986174F,W1AC428
I88991BB6,W1AC429
I850551D1,W1AC430
I4BB5247C,W1AC431
I741F1FAA,W1AC432
I354A4A7E,W1AC434
I3F9EEA4F,W1AC433
I51D53DC5,W1AC436
I91BBB46F,W1AC437
IFC981689,W1AC435
I96C44425,W1AC438
IF1D011D4,W1AC439
IFB16F4FD,W1AC441
I21BDB9B9,W1AC446
IE7F88B87,W1AC443
I9B005FF7,W1AC447
I80CD7EE1,W1AC449
IF9607666,W1AC448
I03917942,W1AC405
I8DF158B4,W1AC450
IEEFB262C,W1AC452
I333527B9,W1AC451
I5B010D4E,W1AC454
I5EEE75BE,W1AC457
I735D38D3,W1AC462
IB3D88D2A,W1AC458
IF2FAA4F8,W1AC453
I91EAB81A,W1AC464
IE00EF166,W1AC463
I2919ACA7,W1AC5
I3A646307,W1AC465
I0C54E79E,W1AC466
I61C694D9,W1AC56
IE4EBDB4E,W1GS108076
I459E09B9,W1CZ931
IF8E4F277,W1GS134940
I689309EA,W1GS60377
IF09F308E,W1AT884
ID3A4FF46,W1GS60383
I9AE518E2,W1GS75024
IFA98AA89,W1GS9
I2293A729,W1KG109088
IA87A2DC2,W1KG109094
IA3110030,W1KG109095
IB16C866C,W1KG109097
I7BBB68FE,W1KG109098
IBDBDFB5A,W1KG109099
I3F3FB7F1,W1KG10237
I8C3EE7D3,W1KG109100
I44ACA1A7,W1KG1096
I32AFF916,W1KG110449
I44D66B46,W1KG109145
I64D02DDB,W1KG116070
IA371E32C,W1KG116063
I3B5324C3,W1KG116071
I28109DBB,W1KG11702
I9398885D,W1KG12421
IA3E13FCC,W1KG12589
I59013FDC,W1KG12658
I89A2B853,W1KG12659
IB32C6336,W1KG12660
I14E8A008,W1KG12662
I4832B752,W1KG12663
I75C75B0D,W1GS66332
I3E68E087,W1KG12669
I22D0F812,W1KG12668
IB63386CA,W1KG12670
I576BD29B,W1KG12674
I4494CEE5,W1KG12678
I624A3C97,W1KG12679
IED273080,W1KG12765
IC4E3D954,W1KG12675
ID216F3D4,W1KG12630
I4E662443,W1KG12766
I66D4566E,W1KG12959
I33C20907,W1KG12960
I68888266,W1KG13117
IDE852B66,W1KG12782
IF833A303,W1KG13116
IBE4F1473,W1KG13118
I24774E6F,W1KG13119
IE495333A,W1KG13120
I36767FB9,W1KG13121
ID2C17F7C,W1KG13122
IC1198FE7,W1KG13125
I47F0A810,W1KG13166
I0E6966BC,W1KG13432
I7BFB1A1B,W1KG1350
IAD8ABF6F,W1KG1354
I90B10D40,W1KG1360
I02B6F6A2,W1KG1364
I5E53E595,W1KG13604
I1FB43360,W1KG13697
IFF148939,W1KG13683
ICEA76428,W1KG13698
IFD58F58B,W1KG13700
I18411D65,W1KG13699
IAA3AD57E,W1KG13752
I58D2E532,W1KG13772
I55904444,W1KG13783
I5E499993,W1KG13760
IAB10B18B,W1KG13786
I62CDD806,W1KG13787
I88E807F8,W1KG13788
I8E268E9F,W1KG13793
IAEB285F0,W1KG13789
I40B7AFF1,W1KG13797
IF23523FA,W1KG13802
I3E644D2B,W1KG13795
ICC4C377E,W1KG13803
I93BB7439,W1KG13990
I56473250,W1KG13995
I00086006,W1KG13999
I2B1D9B00,W1KG1408
I40E2A503,W1KG14009
I6F53F233,W1KG14133
I52449694,W1KG14135
I5F7AA14D,W1KG1418
IAD63D8A4,W1KG14137
IBC7A8E2A,W1KG14138
IF99A7146,W1KG1428
I4DD72AA7,W1KG14464
IE1B61161,W1KG14471
I022F5E70,W1KG14493
ICB14CC85,W1KG14472
IC141F8B1,W1KG14503
I8B6E52AE,W1KG14335
I59EEF64D,W1KG14508
I4911E4DB,W1KG14504
IED1B95B3,W1KG14509
ICC59D9AA,W1KG14512
I3B747BB6,W1KG14514
IFCF977E7,W1KG14515
IDC92B6C8,W1KG14516
I943A4FF2,W1KG14518
I84202DD2,W1KG14520
I37800811,W1KG14519
I2E834024,W1KG14522
I44E4BE44,W1KG14527
I1DC5889B,W1KG14526
IDB41B05F,W1KG14523
I8E866AE6,W1KG14530
I2F83778E,W1KG14532
I4EB1199D,W1KG14531
I149CEC8A,W1KG14533
IC824FCF4,W1KG14535
I42C526EE,W1KG14529
I1725FBBB,W1KG14534
IEF5E9F83,W1KG14537
ID4444468,W1KG14538
IF0C5C574,W1KG14540
IDBA0F937,W1KG14542
I3396CE79,W1KG14543
I471A4E74,W1KG14545
I821A1E5F,W1KG14548
I48B213AC,W1KG14550
I05DB7DB6,W1KG14579
I162AA959,W1KG14552
I4285148C,W1KG14588
I886CDC8A,W1KG14591
I2B20BA06,W1KG14589
IB90B3EFC,W1KG14598
I96FB565F,W1KG1460
IE0AFE197,W1KG14599
IAF09F6D0,W1KG14607
I086E14C0,W1KG14603
I6687F1AE,W1KG14614
I5BC99A63,W1KG14615
I3E6BBB8E,W1KG14617
IB4F4E7B5,W1KG14619
I2B7855FE,W1KG1462
I92EA711B,W1KG14616
IB0FB4CC1,W1KG14621
I2BEE828C,W1KG14622
IBA341608,W1KG14623
IA61A84B4,W1KG14620
I95A46545,W1KG14624
I306A5B23,W1KG14626
IED0E7265,W1KG14629
I7145A773,W1KG14628
IDA7420BD,W1KG14627
I078D067D,W1KG1464
IF8738888,W1KG1467
I26973637,W1KG14679
I26E04C77,W1KG14680
IE60439D9,W1KG14694
I70CC4A81,W1KG14710
IEABA0A5B,W1KG14722
I635E526D,W1KG14725
I653DA19D,W1KG14721
IB391CA6C,W1KG14727
I747AECA8,W1KG14729
I9A5C1E09,W1KG14733
IAEAC8C4A,W1KG14732
IC7B997D7,W1KG14734
I346E8D4E,W1KG14735
I7CADD73D,W1KG14736
IC3D83DBE,W1KG14737
IB58DD3F9,W1KG14738
I8F796750,W1KG14739
I4149D54C,W1KG14741
I911679DE,W1KG14740
IF3A79B97,W1KG14742
I7B8C5477,W1KG14746
I09953D0A,W1KG14748
I2942B2BF,W1KG14749
I8513364C,W1KG14750
I4975E9D8,W1KG1477
I36D30046,W1KG14713
I1D95CABC,W1KG1478
I4424570B,W1KG14779
IB24BA5AB,W1KG14786
IBE5AD7E9,W1KG14787
IAA96A4D8,W1KG14791
IDA39739A,W1KG14793
I4E7FEDF4,W1KG14795
I2AB6DF62,W1KG14796
I757249B1,W1KG14955
IC294CCC2,W1KG14969
IA65869C9,W1KG14970
I583E1E9E,W1KG14992
I8F637543,W1KG15210
IFADA191A,W1KG15238
I3A9E880D,W1KG15416
IB5C312E5,W1KG15446
I4BAEEB61,W1KG15510
IC77431C9,W1KG15511
I70E82CE2,W1KG15516
I6284E29B,W1KG15517
I9AB54416,W1KG15518
I4D9D3602,W1KG15579
I7B222000,W1KG15580
I39A5D8E8,W1KG15962
IAE002DA8,W1KG14782
I917AACE5,W1KG16278
I8DDA8E1B,W1KG16553
I0240B4E3,W1KG16556
IC4839111,W1KG16555
IA877CB15,W1KG16558
ID94474DA,W1KG16559
IE441A7EB,W1KG16561
IA784BB0A,W1KG16562
IA121333D,W1KG16564
I5A7B4A69,W1KG16557
I40B10D90,W1KG16565
IBFF3323A,W1KG16566
I1AB505F5,W1KG16567
I1FAAF9F8,W1KG16569
IA845455C,W1KG16570
I4219D2D9,W1KG16571
I23EAF3DE,W1KG16572
I868C2C7F,W1KG16574
I497092F7,W1KG16573
I9DCA9C5D,W1KG16575
ID9411A41,W1KG16579
IC50E884B,W1KG16580
I8261546C,W1KG16584
IA0AD04D5,W1KG16586
I185BC306,W1KG16588
I408C4C4B,W1KG16583
I010C40E0,W1KG16589
I29592ED8,W1KG16590
I4F884A4F,W1KG16591
I74B47933,W1KG16592
I2E059101,W1KG16593
IAAF0A86F,W1KG16594
I1344E44F,W1KG16597
IFE4D6666,W1KG16604
I0ACEED45,W1KG16605
I68001406,W1KG16606
ID1815C80,W1KG16598
I10271299,W1KG16607
I588A4B05,W1KG16608
I253BF2B0,W1KG16609
I0EA41EC0,W1KG16611
IC354DD7B,W1KG16647
I0E90C666,W1KG16612
IF7C2B2F0,W1KG16648
IF028F779,W1KG16651
IC95099A9,W1KG16652
I079931D0,W1KG16654
I7D7422F6,W1KG16653
IA427D2FF,W1KG16667
IF970E30F,W1KG16670
I64D46186,W1KG16696
I9FA33466,W1KG16703
IC5D2949A,W1KG16702
I73A242A0,W1KG16704
IF35FF7C0,W1KG16705
IC5B7A0BA,W1KG16706
I6D06DA4A,W1KG16707
I75B2B2C3,W1KG14783
I0009CCEB,W1KG16708
I79449D99,W1KG16711
IB77CC8AD,W1KG16712
IBDADB5A9,W1KG16715
I99D31B22,W1KG16716
I4A199249,W1KG16719
IC994B78B,W1KG16720
I5FEC0684,W1KG16713
I0F0FF321,W1KG16785
I6B6AB1F0,W1KG1672
IB443F5D1,W1KG16787
IEFE1F866,W1KG16786
I22132472,W1KG16788
IF9165026,W1KG16790
IFAC99FAF,W1KG16789
ICC5F55FC,W1KG16792
I441B650C,W1KG16793
I65DD37FE,W1KG16791
ID8DB8437,W1KG16794
I28258E4F,W1KG16795
I373AFA96,W1KG16797
I97DA991A,W1KG16796
IF2C8DD4C,W1KG16798
I9B2A19A9,W1KG1680
IC9C3DAA4,W1KG16799
I9709609B,W1KG16801
IC940A4A4,W1KG16802
I4AC75D04,W1KG16800
I0AA2F0DA,W1KG16803
I22607863,W1KG16805
ID4EDD96D,W1KG16804
I79FE04E9,W1KG16806
I55DD0CF6,W1KG16945
I02BFB313,W1KG1685
I46C33884,W1KG16946
I2802D80D,W1KG16947
I7A38531D,W1KG16948
I340C2FB4,W1KG16949
I3656DAA7,W1KG16951
IC00B204C,W1KG17022
IA0777C05,W1KG17024
IF535E0C5,W1KG17025
IA1A958BB,W1KG17054
I684718BC,W1KG17055
I39883332,W1KG17057
I5E9C9092,W1KG17056
I499BFBB8,W1KG17085
IF9D1339C,W1KG17178
IBBCD49A7,W1KG17422
I0D182017,W1KG17425
IB4F2B15F,W1KG17180
I87939159,W1KG17179
I719D18C3,W1KG17603
I111A6166,W1KG17431
IDCD1D069,W1KG17609
I81FE6690,W1KG17611
IC937364B,W1KG17610
ID30CD300,W1KG1796
IDBBDBB13,W1KG18275
I38E51C7F,W1KG18326
I959867C7,W1KG18407
IA48DAA91,W1KG18406
I1AA51945,W1KG18486
I239F6D9E,W1KG18487
IE9B69ABC,W1KG18489
IB5FFFBD6,W1KG18490
I64FE25D5,W1KG18488
I4BBDEB1A,W1KG18492
IFB856ED3,W1KG18491
I4DB8AA89,W1KG18533
I744A5B75,W1KG18569
IACC1C7C9,W1KG18572
I11B6DA21,W1KG18575
IE428CA1C,W1KG18576
I97E270D0,W1KG18570
I9935B44E,W1KG18584
I752689F8,W1KG18579
IAEC40BBA,W1KG18624
I4417545A,W1KG18626
I36DAAC6F,W1KG18762
I658E7146,W1KG18764
I9D634E69,W1KG1892
I963154D5,W1KG19100
IE6DDAC6C,W1KG18838
I9F0D4DD6,W1KG20682
I0ABA5187,W1KG20637
I51B54933,W1KG20781
ID5A03BA0,W1KG20783
I457C7271,W1KG20782
I11D394D7,W1KG17456
ICBBECE8E,W1KG20785
IC46461C6,W1KG20787
IF9AFAACF,W1KG20857
IB32BAAA9,W1KG20881
I43BB9946,W1KG20855
I151212B4,W1KG20956
IF6F41605,W1KG20930
IF87CD30F,W1KG20958
I01EFF837,W1KG20957
IE03F4E09,W1KG20961
I1315EC74,W1KG20988
IE35BDA0B,W1KG20990
IB60E07B0,W1KG21001
I8AC7F4F9,W1KG21013
IB0FBDF8F,W1KG21016
I06EB1A75,W1KG21015
I85C8D19D,W1KG20784
IA7D1F5CD,W1KG21018
ICAD3475D,W1KG21176
ICA98510C,W1KG21223
I3B60351A,W1KG21222
IAEF535CD,W1KG21225
I86E45E6E,W1KG21224
I77D37985,W1KG21228
I4A944EE5,W1KG21230
I60A203BC,W1KG21273
I3DC48CE4,W1KG21274
I424447B8,W1KG21277
I7EE0C0CF,W1KG21276
I543F255D,W1KG21231
IB535A3CA,W1KG21278
IE1ED8EF2,W1KG21281
I7E88363B,W1KG21279
I6CDE3E21,W1KG21294
I1F19469D,W1KG21298
I948F90FC,W1KG21296
I866A6ACC,W1KG21295
I83FE4254,W1KG21299
I9ECB6E5E,W1KG21594
I48542C33,W1KG21301
I98DD2616,W1KG21595
IED0C0DE0,W1KG21598
I84E57B09,W1KG21597
I3ACD3991,W1KG21596
I76DA3FD6,W1KG21696
IC438049D,W1KG21601
ID9086389,W1KG21699
I76479C83,W1KG21697
I5496FB1C,W1KG21700
IE02100B0,W1KG21698
IA060D69A,W1KG21701
IAEDAEEA1,W1KG21706
I8A4D8AAD,W1KG21707
I6FD447E8,W1KG21712
I88BEF337,W1KG21709
I85E9697A,W1KG21713
I38891E61,W1KG21718
I0FC998DE,W1KG21755
I9FF57971,W1KG21756
I3D4154D6,W1KG21758
I74557B47,W1KG21759
I0875059E,W1KG21817
I71B17D30,W1KG21750
I0DCE042D,W1KG21760
I9082F8F9,W1KG21819
I0824819A,W1KG21821
I7779EEDB,W1KG21828
I5DECCD6E,W1KG21827
ID7CD391D,W1KG21820
I36A6F06E,W1KG21829
I7010D293,W1KG21837
I418E8CE4,W1KG21836
I40A09855,W1KG21843
I0EE067F4,W1KG21839
I074D6BFB,W1KG21838
I81D3EB8B,W1KG21847
I498CF877,W1KG21999
IF6765580,W1KG21845
IFEF1D955,W1KG22129
IEA1BE88A,W1KG22205
IF8FFF710,W1KG22206
I87D73339,W1KG22207
I34732342,W1KG22211
IEFC251FB,W1KG22238
I253346BE,W1KG22239
IE199A9DD,W1KG22240
I4209D097,W1KG22296
IF5776B9F,W1KG22902
I3A8F0465,W1KG22577
I09FDDBB5,W1KG22903
I48A1D6B6,W1KG22907
I394DB82E,W1KG22641
ID1E15A45,W1KG22904
IBBA79CD2,W1KG22910
I61BF81C1,W1KG22942
ID314D324,W1KG22943
I6BB60211,W1KG22944
I4FEED220,W1KG22945
ID42CBE6D,W1KG22947
I4634D439,W1KG22948
I13FD4E89,W1KG22946
I49BFBFD7,W1KG22949
I0B7F5FBB,W1KG22950
I51544E52,W1KG22951
I883A84B7,W1KG22985
I95E57453,W1KG22987
I59473FFF,W1KG22986
I9664BBCB,W1KG22989
I984C7C31,W1KG22990
I2AA5BB2A,W1KG23086
I5566C3EA,W1KG23051
I13742A92,W1KG23085
I99CC914B,W1KG23221
I2C0FC9F4,W1KG23087
I747C9435,W1KG23401
I3AB98AFB,W1KG23270
I010051C8,W1KG23485
IE96E312F,W1KG23491
I8273331A,W1KG23519
I8ACA2A56,W1KG23539
IF2901794,W1KG23219
I985F79B2,W1KG23553
IE330019B,W1KG23540
I33ADD3C7,W1KG23538
IEC26277C,W1KG23554
IA8AE0FA4,W1KG23564
I4095F306,W1KG23563
ID4041054,W1KG23616
I4B98FC86,W1KG23647
I30DC338D,W1KG23746
I7680E5FC,W1KG23747
I0D1D00BC,W1KG23742
IFEC8C7D2,W1KG23749
IEE4C3C7A,W1KG23751
IE5369613,W1KG23764
IA3F5E3CA,W1KG23754
I403B9CDB,W1KG23757
I07A99B02,W1KG23819
IEE02BC9F,W1KG23814
I8D05444F,W1KG24016
I82E80192,W1KG24019
ID5DDD1AE,W1KG23843
I6288D574,W1KG24032
IA6677E46,W1KG24021
I7667CFEB,W1KG24033
I5A5045A3,W1KG24035
IBC9ADA4C,W1KG24034
I8511B7A7,W1KG24036
I9DD55935,W1KG24037
I0D56B6CD,W1KG24038
I98334F8A,W1KG24059
I3F3FE9EE,W1KG24040
I31ACBAC7,W1KG24111
I58C8B413,W1KG24214
IFE743F34,W1KG24219
I57705C7D,W1KG24244
I8AA48DA7,W1KG24278
ID41987F4,W1KG24102
I8385AE58,W1KG24281
IA606C5D5,W1KG24308
I48C9900D,W1KG24309
IEBC87845,W1KG24359
I2DC2C741,W1KG24356
ID0B0224D,W1KG24543
I6B9DD65B,W1KG24546
ID81B1329,W1KG24530
I48542586,W1KG24613
IC3D6379A,W1KG24215
IAFE4850A,W1KG24649
I36C76648,W1KG24723
I1B42BA73,W1KG24732
IF4FBF1A6,W1KG24735
I23A9904F,W1KG24738
IEAAE9AE4,W1KG24741
I494BDA36,W1KG24744
IA37CD3D5,W1KG24729
I00F66E52,W1KG24750
I2C34CC1A,W1KG24747
I47D8A646,W1KG24756
I119DA5D6,W1KG24759
I8C296484,W1KG24767
IE180EDD1,W1KG24776
ICFB28ACE,W1KG24770
I58DEE293,W1KG24773
IA841114F,W1KG24779
I3913B415,W1KG24785
I9B99B0B0,W1KG24782
I7C45C59E,W1KG24791
I42D79F28,W1KG24797
I8B786074,W1KG24794
I999720DB,W1KG24800
I5E16A61B,W1KG24803
I9B4F44B7,W1KG24806
I098F94F5,W1KG24814
I75342537,W1KG24817
IAAEEBA9D,W1KG24820
IB580834E,W1KG24823
I19769F38,W1KG24809
I44A1697C,W1KG24826
I3B07809B,W1KG24835
I65E0020E,W1KG24832
I92AB6B00,W1KG24841
IABE9B1B4,W1KG24829
I8E691F58,W1KG24844
I8FCC2CC6,W1KG24847
IDFE12BD7,W1KG24838
IA5A2D343,W1KG24850
IEEE78808,W1KG24853
IF0D2CE00,W1KG24856
IA33CB80E,W1KG24865
I2843A38E,W1KG24862
I611AFE17,W1KG24868
IAB8F3E74,W1KG24874
I7A86846F,W1KG24871
I63444213,W1KG24877
I86488654,W1KG24883
IAA7B6543,W1KG24880
I157C1003,W1KG24886
I73990AC9,W1KG24930
ICC4A0563,W1KG24934
I99B959B5,W1KG24899
I059D59EE,W1KG24940
IF80A68F0,W1KG24943
I31092A67,W1KG24962
IC195FE84,W1KG24965
I3B603645,W1KG24968
IEE58D701,W1KG24949
IAA65DD91,W1KG24986
IF4490244,W1KG24974
I79A79231,W1KG25001
IEB5FBC92,W1KG25006
I4F6C9111,W1KG25009
I941E2219,W1KG25012
IEF72AB7A,W1KG25018
I269ED4B1,W1KG25021
I939CE7EA,W1KG25027
I711BC4E7,W1KG24889
I104C64BA,W1KG25024
IC3DAED3D,W1KG25030
I3B97C2B0,W1KG25347
I1E18F55B,W1KG25350
I0AAC0F6A,W1KG25033
I01237EC6,W1KG25359
I5BDB61CB,W1KG25356
I5F585C38,W1KG25374
I456B7046,W1KG25371
IBAD96D60,W1KG25377
IEB6DEBB5,W1KG25343
I4FDAB967,W1KG25383
I5457EC4E,W1KG25386
I70C18101,W1KG25389
I95FB5285,W1KG25392
IE0324948,W1KG25404
I157D5759,W1KG25407
ID85025BB,W1KG25413
IC6B7B776,W1KG25410
I27F7A741,W1KG25416
I91D9819D,W1KG25422
I1117F4F9,W1KG25419
ICEFBCAC5,W1KG25425
IABAFE52D,W1KG25443
ID634A098,W1KG25428
I8814F171,W1KG25446
I0A41A80E,W1KG25452
I35B963BD,W1KG25449
I811E902E,W1KG25431
IF4D59E3F,W1KG25455
I864B9D09,W1KG25464
IA98F7416,W1KG25458
IA1B6FD63,W1KG25467
IC8626A8F,W1KG25470
I1421C666,W1KG25473
IF6B87BEC,W1KG25479
I2ACFD4FB,W1KG25485
I71544255,W1KG25476
I334C98C0,W1KG25494
ICF2449E3,W1KG25488
IB85CF6EB,W1KG25482
I361948BB,W1KG25497
I9A5F553B,W1KG25503
I9F94B791,W1KG25506
I0E4B2444,W1KG25509
I4B14F486,W1KG25512
I8C8AA8C8,W1KG25515
I1524B7AF,W1KG25518
IE282DC43,W1KG25521
I7427EE41,W1KG25530
I21771A57,W1KG25533
I60D7F03C,W1KG25536
I961020C6,W1KG25524
I90050E40,W1KG25539
I110A1A51,W1KG25545
ID74A79EE,W1KG25542
IDEFC5394,W1KG25548
I4307AE6D,W1KG25551
I2E291B6B,W1KG25554
IB6F7FE3F,W1KG25557
I7BD0FF2A,W1KG25560
IF8EEBBD7,W1KG25566
I23FEF4FD,W1KG25569
I33A27B21,W1KG25572
IAFA89A6F,W1KG25575
IF9948ADD,W1KG25584
I9CC23043,W1KG25587
I1C234CC2,W1KG25593
I8189049E,W1KG25578
I2178AB11,W1KG25590
I011390C0,W1KG25602
ICFD85D5C,W1KG25596
I0239EFA0,W1KG25605
I04CBA337,W1KG25608
I0158248E,W1KG25652
I566D500E,W1KG25599
I33E339E1,W1KG25655
IEEA8EFAE,W1KG25661
I82833902,W1KG25658
I9F9F4319,W1KG25667
I8A062F67,W1KG25670
I44441E5A,W1KG25664
I6ED96E62,W1KG25673
I9264F705,W1KG25679
ID03CB489,W1KG25685
I5224A21D,W1KG25682
IF1578A71,W1KG25692
I1B42347E,W1KG25710
I8CDCCEC1,W1KG25716
I0E314ED8,W1KG25688
I0F81B075,W1KG25719
I8B044AA5,W1KG25722
IA9EA5FAD,W1KG25725
IBEE94940,W1KG25728
I66B2F4B2,W1KG25731
I714BFA94,W1KG25740
I38C39708,W1KG25743
I6D24AA5B,W1KG25734
I882D4EF4,W1KG25746
IA480878B,W1KG25749
I48ACC8D1,W1KG25755
IDD86C3EA,W1KG25761
IF4DFE65E,W1KG25758
I4F932668,W1KG25764
I38AE5288,W1KG25770
I496486A7,W1KG25767
I849A394E,W1KG25773
IA4241B43,W1KG25782
IF699712B,W1KG25779
IC83A9960,W1KG25776
I8543E691,W1KG25785
I66BBC8E8,W1KG25788
IE993CB29,W1KG25791
ICC64C7B6,W1KG25794
IB940BBF9,W1KG25797
I12680924,W1KG25803
I349A5684,W1KG25806
I4D09F08B,W1KG25815
I33DF52D2,W1KG25809
I520A2400,W1KG25800
IA8248AAD,W1KG25819
IA0B37000,W1KG25837
I45C5B3FB,W1KG25840
I7F9FEE88,W1KG25843
IA35A5658,W1KG25855
I4C2A404D,W1KG25858
I1B684764,W1KG25833
I99B22795,W1KG25861
I630F04A3,W1KG25867
I36F1FCA5,W1KG25864
IFA8B55BF,W1KG25870
I4BB0B4A4,W1KG25873
I35BCC489,W1KG25876
IDEF0ADE2,W1KG25879
I8068093A,W1KG25882
I3A223D45,W1KG25885
IF39F71E7,W1KG25897
IB5FEE8BB,W1KG25900
I3CB1213B,W1KG25903
IC1462176,W1KG25906
I358A37A9,W1KG25921
IC76173CA,W1KG25909
IB1433C56,W1KG25920
I151C6E18,W1KG26273
I6CA9F2A0,W1KG26278
ID0A59038,W1KG26279
I29473801,W1KG4286
IB302B403,W1KG4525
IA5B0F4E1,W1KG4865
IDCCD5C6B,W1KG26102
I93153333,W1KG5093
IC4159DFD,W1KG4928
IDDB75AA5,W1KG5260
IE83F2E5E,W1KG5259
I5856A2C5,W1KG5261
I59D6415F,W1KG5263
IA210433A,W1KG5269
IF455AD6A,W1KG5272
IB2898EE4,W1KG5270
I6BD4878B,W1KG5274
IE26E90F2,W1KG5273
I4ED5EBD4,W1KG5398
I2FF4A2AE,W1KG5400
ICC1A1CFE,W1KG5420
I1FBC1B6A,W1KG5449
I4CE945B7,W1KG6259
I52471564,W1KG6260
ICDA77721,W1KG6257
ID14DE094,W1KG6329
IE4B94434,W1KG6330
I87E49327,W1KG5422
I504199C0,W1KG6344
IBBBFB601,W1KG655
IDDFAF48A,W1KG6347
I2A222C41,W1KG8297
I172818FC,W1KG6296
I08515D1C,W1KG8314
I4CE31A61,W1KG8474
IE61D160D,W1KG8475
I410F0AD3,W1KG8478
I56510ED4,W1KG8529
I47FBF7E2,W1KG8531
I480E2361,W1KG8533
IFFC83CB5,W1KG8536
I4A8AA4CF,W1KG8584
I595A5549,W1KG8585
I2E9D9EA6,W1KG872
I683F6218,W1KG8718
I430090A4,W1KG8318
I889F813E,W1KG89191
I1C686655,W1KG89188
IE9B2F801,W1KG9030
I291B8EBD,W1KG9032
IB004BEE7,W1KG9031
I0E8DDB3D,W1KG9037
IF1CFFD8E,W1KG9038
I9208D98D,W1KG91164
I5C3CBF44,W1KG91163
IFBCF8311,W1PD105780
I4E0663E5,W1PD105783
I4D74D9BA,W1PD105786
I71258DC8,W1PD105789
ID0B04963,W1PD105795
I86A5B324,W1PD105792
IC904AE3C,W1PD105804
IDCB9574C,W1PD105807
I6FC55E2E,W1PD105801
I0AC7C63E,W1PD105810
I743BFF5F,W1PD105813
I18824EE4,W1PD105816
I4F44B2FE,W1PD105819
IA6906CDA,W1PD105822
I1BF2B27B,W1PD105825
I6949A469,W1PD105828
I76390633,W1PD105831
IB3F364B5,W1PD105834
I4D0420EE,W1PD105837
IA9CB1A1C,W1PD105855
IA295A72B,W1PD105852
IBBA2D145,W1PD105869
IB0FFFFB4,W1PD105843
IA3BEEE8C,W1PD105861
IDDDA94A0,W1PD105872
I6C105F54,W1PD105878
I98A4918A,W1PD105884
I10414031,W1PD105881
I4A4C4C04,W1PD105887
IC80CD5A4,W1PD105890
I3C53D49F,W1PD105893
I42344DA0,W1PD105896
IE8ACC477,W1PD105902
I6E33DD9C,W1PD105908
I79EC71BD,W1PD105905
I52314395,W1PD105914
I8161F480,W1PD105917
I44B91458,W1PD105911
I5D39D11D,W1PD105920
I51C03670,W1PD105923
IF6F815B1,W1PD108093
I7853C8C6,W1PD133155
IA948FB9C,W1PD133158
IB27FE6E6,W1PD107142
I86D58062,W1PD133164
I862F7FB2,W1PD133165
I94B2CC7B,W1PD133161
IF246D388,W1PD137781
I69EBEEEA,W1PD133170
IAE1A45EC,W1PD137783
I3DB9F3C4,W1PD137784
IF97C4C52,W1PD137785
I9FC30A1E,W1PD137786
IB499AB74,W1PD137782
IA4A6B6C5,W1PD137787
I3734BB95,W1PD137798
I400FBB48,W1PD137789
I83D4EADA,W1PD137801
I7DFDA724,W1PD137802
ICE4FBECE,W1PD137806
I3B6C934E,W1PD137809
I415561D0,W1PD137810
IDA2E9E94,W1PD137811
I1A480815,W1PD137813
I94621DFE,W1PD137800
I40BCB917,W1PD137816
I04A4E555,W1PD137818
I00C1A1EB,W1PD137819
I847B5697,W1PD107937
I006191D3,W1PD137820
I63D9422F,W1PD137828
I48BD9B13,W1PD137831
I04E4A37F,W1PD137832
I6E495F21,W1PD137835
I294EB124,W1PD137838
IA0B5445A,W1PD137848
I3B0443D4,W1PD137852
I61114F6D,W1PD137842
I62840C9B,W1PD137846
I4E495EF6,W1PD137853
I30BBB8FC,W1PD137855
I5E648F4D,W1PD137857
I2B0BBBAD,W1PD137854
I5C443EBD,W1PD137858
IE2560D3A,W1PD137860
I1F5F1FB5,W1PD137862
I67440EB6,W1PD137856
I299BA24B,W1PD137863
I9141EA95,W1PD137867
ICC64E8D6,W1PD137874
IC11CA4D1,W1PD137869
I40303CAF,W1PD137868
IC4C43D66,W1PD137879
I954A58F5,W1PD137880
I22DD9E21,W1PD137882
ICE48746A,W1PD137878
I9F2D1D98,W1PD137885
I33CDEE5C,W1PD137889
I0D9A8D94,W1PD137886
IAB3E2E4E,W1PD137883
I07733AE8,W1PD137890
I675F1EB6,W1PD137894
I547FBDEF,W1PD137891
I60050513,W1PD137895
I08353BAB,W1PD152284
I3A95F793,W1PD152281
I4E5A1801,W1PD152286
I780B563A,W1PD152287
IFE00EE73,W1PD152295
IF99000D4,W1PD152294
I16DEF4FD,W1PD152298
I7ED758EE,W1PD152301
I81347831,W1PD152299
I22DBF1D1,W1PD152306
I92838947,W1PD159372
I8BB3E425,W1PD159371
I9B8AD813,W1PD159373
IC71F3BD9,W1PD159374
I0C64EAC2,W1PD159385
IDDF9D4C3,W1PD159390
I7584E4B7,W1PD159392
IF6B650FC,W1PD159393
IB6056FF8,W1PD159394
I7C3BDB5A,W1PD159396
IC95B408B,W1PD159397
IC473CA90,W1PD159399
I6AB546EB,W1PD159401
I496A5708,W1PD159403
IBB19B6B2,W1PD159404
I94454095,W1PD159406
I28F6118F,W1PD159407
IC7E319EA,W1PD159408
I27EB9AA4,W1PD159411
I804674C5,W1PD159382
I81935930,W1PD159412
I6F5EF66E,W1PD159416
I15BA6C1B,W1PD159414
ID4DD49A4,W1PD159417
I80CCE493,W1PD152297
IC6543990,W1PD159419
I655FCC36,W1PD159423
ICACCF565,W1PD159434
I76E14360,W1PD159435
IB53B1C8D,W1PD159437
IC5896909,W1PD159439
IE3B33331,W1PD159438
I206B00B9,W1PD159443
I44849609,W1PD159421
IF10D2750,W1PD159521
IDFD13FF9,W1PD159522
ICB63B696,W1PD159446
I365866AA,W1PD159523
I28D50DD2,W1PD159524
I8D02AFAC,W1PD159526
I17C76E1C,W1PD159525
I2B08E024,W1PD159535
I0D64DD2D,W1PD159531
IE7967EE1,W1PD159528
I06A83CC9,W1PD159543
I409E413D,W1PD159539
I6F29D2E8,W1PD177555
I9B9E1E0B,W1PD180870
I1111EDDB,W1PD180877
I54044BA9,W1PD181199
I836EDDA2,W1PD181200
I32A7F645,W1PD192037
IBFE14CD6,W1PD192036
IC3E1CBB7,W1PD177557
IC886EE1B,W1PD53256
I890D9AC1,W1PD53257
I9A11935E,W1PD83972
I9194CB2C,W1PD83976
I0168ADDD,W1PD192038
ICC617C8F,W1PD45152
IDDBECE72,W1PD83977
IC4763CED,W1PD88983
I83E7D0DC,W1PD95787
I77C4CA2C,W1PD90704
I0335EC23,W1PD96348
IE578E8E4,W20002
IA4717644,W20007
I55DC1EF3,W20011
IA7986028,W20014
IA3BCFDC4,W20015
I145C14CC,W20018
I7A6CC555,W20026
IF2286B11,W20030
IA74093BE,W20033
I53174E00,W20036
I6FE60F6F,W20037
I464B6B51,W20040
IABF07048,W20042
I4AF4F41F,W20062
I04B127F9,W20065
I2878286D,W20074
I9D8328A8,W20083
IC8414AE3,W20084
I33DCD27C,W20091
I4478C84D,W20094
IF06C0C66,W20099
I88AFF064,W20100
I0CFB4689,W20103
IF501B0AD,W20105
I969215FB,W20106
I43A2A242,W20113
I3BF14F08,W20114
I16975BB5,W20124
I0604B044,W20127
I420A49AC,W20128
IE29EEEB3,W20129
IB284A6A9,W20130
I02862A66,W20131
I47234431,W20133
ID8655974,W20134
I3FE977F6,W20158
I1A38D1D1,W20172
I29790890,W20173
I9524F35C,W20176
I3A62C57C,W20189
I244E477A,W20193
I332FF632,W20194
I22144CC3,W20202
IFBB7C328,W20205
IACEFA563,W20218
I7BFB762B,W20220
I88F91D15,W20224
IC8887433,W20226
IB28DDDC3,W20227
I14C68B3C,W20244
I4F23CC21,W20249
IADF2C2FF,W20325
I8AB8E817,W20384
I977455AA,W20398
I8AB881C1,W20399
IA46F6F18,W20418
I9D7F91B4,W20427
IA925A0B2,W20428
IFEF95A70,W20442
I0AA60962,W20457
I46E86FB4,W20464
IBD259259,W20466
I23647324,W20468
IC38230FE,W20557
I5D5DF929,W20563
I189186BC,W20568
ICCE46A30,W20485
IBF1FFF7E,W20571
I54EA3231,W20574
I29FB9A28,W20841
I93E00343,W20843
I4EC8F4C6,W20834
I09006FCD,W20844
I5DB72AFC,W21595
I23BE72A2,W21599
IA8484A44,W21600
I82EBF362,W21598
I3E6982F7,W21601
I9947447F,W21602
I70EC8AA0,W21652
IB5256389,W21660
I30664428,W21663
I135A1E3A,W21613
I66C5F9C5,W21680
IAB0B9CCD,W21682
I4AB7BAED,W21690
IAA464DF8,W21687
I3026546D,W21699
I0D775615,W21707
I6EA596C0,W21744
IEC502A96,W21756
I53BFD8EC,W21700
I928DEF50,W21761
ID16615FE,W21765
IC89B490E,W21782
I173E15BF,W21797
I34BBBB11,W21804
I7E67A488,W21762
I923593A9,W21821
IE0C3E4EE,W21827
I0101C6C9,W21837
IE2CD41A4,W21840
IA53A5A3D,W21841
I948D9D99,W21838
IF8A8EA50,W21850
I5D9E944C,W21851
I92BAF3FA,W21852
I47478B82,W21861
I1009B48F,W21863
ICCD300E4,W21873
I81ACBA4A,W21882
I47FB49A4,W21875
I6DD0B62F,W21886
I56DBBC84,W21884
I6B503DED,W21895
I86E69DD8,W21902
IFE964AAF,W21908
I910BF080,W21909
IB9244557,W21893
I9C8558F7,W21910
I0A2D8C3E,W21915
I7C6BBD3A,W21930
I9986CC94,W21943
I4E614D78,W21945
IAC521C54,W21964
I352A81D0,W21970
I88878945,W21980
I9BEF8798,W21997
I4E6EFB83,W22001
I273AA22B,W21926
I665C3179,W22005
IEFF3D990,W22015
ID884B672,W22016
I927CA8B5,W22013
I75FDF914,W22021
I95840950,W22027
IA871B648,W22029
IAA6A9891,W22030
ID648D3E9,W22034
I1246E29E,W22018
I5BB075F0,W22038
I14BBC0F2,W22036
I8C9BC84B,W22040
I5BD8AB91,W22043
IC229CE7A,W22042
IF450F9B7,W22050
I79DB9C33,W22047
IC8F332F9,W22057
I91E9FB94,W22056
I4767333B,W22061
IFCB4584F,W22072
I8958653A,W22065
IA0F20B20,W22097
IAE704CB7,W22099
I6EE448D6,W22102
I7F8C5889,W22147
ICACCAA0D,W22156
IC05504C0,W22157
I09F0A20F,W22158
IF9C985BF,W22160
IF9652FED,W22299
I9049141E,W22343
I40D39D3B,W22737
I5BDE077D,W22914
I7B951461,W23663
I42C7B616,W23923
IAD0007CC,W24589
IED4EAF33,W24591
I05A21770,W24822
I71733736,W24824
IE20E0EDD,W24827
I749288AB,W24829
IDE2226BD,W24989
IF6BB14FB,W25050
I97075BAB,W24826
ICD14249D,W25111
I42BD74E3,W25116
I995F05CA,W25115
I3DBDDD33,W25124
I04900794,W25121
IE79B9BC4,W25125
IFA86EA01,W25197
I5677710E,W25247
I2116F6D2,W25221
I8FF6CBEA,W25256
I09B13559,W25269
IC16966D4,W25995
I54D8BB43,W25268
I4DF55B17,W26176
IBCCCCC09,W26000
I80037D00,W27306
I10233173,W26675
I4F73EF9B,W27321
IE88C9975,W27322
IB390680F,W27313
I81DBE173,W2831
I94D31734,W28803
IACEB4675,W28885
IDFC18FE1,W28260
I66483DB9,W28927
IE343B303,W28934
I78992898,W28950
I19292ECE,W28961
I0C2C5C81,W28969
I0D4E5523,W28978
I83E2DDED,W28982
I3B1650AA,W29013
I780EFE30,W29014
I16D35127,W29032
IE0F81EE1,W29038
I4D70DB7F,W29039
IEC28AEEE,W28968
I3C22896F,W29144
ID4D8A486,W29146
I677B7837,W29148
I888F35F7,W29150
IC9628BB3,W29153
I1A817FAF,W29219
I265C5DC8,W29215
I1826A464,W29221
IE6BF9FB4,W29223
ID2B2E4AA,W29227
I4461A2A4,W29228
IB449A9A0,W29258
IBEC2FA69,W29241
IBF29943C,W29280
IBD824B1B,W29488
IA02F9564,W29489
IACE4F9C9,W29490
I5AA73A13,W29493
IFA2CDF8D,W29496
I04B7405A,W29510
I877C8277,W29517
ID218E4DD,W29523
I4CF8849E,W29560
I22D1AC17,W29564
I951A30BA,W29571
I402D6E1C,W29642
I7F2E72D5,W29649
IF5442C55,W29989
IA460E4EF,W29991
I285339D0,W2CZ10141
IA56ADAA3,W2CZ10142
IE46284D6,W2CZ8015
I3646AE3A,W2CZ8025
ICBC51240,W2CZ8041
IF1F244BA,W2CZ8048
I9FB8DA0A,W2CZ8090
IB5B90C9D,W2CZ9154
I7C9172D5,W2DB13635
I78518506,W29329
I119191F1,W2DB13639
I2473563D,W2DB13641
IF5518BA6,W2DB4575
I94A5F855,W2DB4623
I1CC02189,W2DB16428
I74C92E8F,W2DB4625
I71E29290,W2DB5977
IAF49993B,W2KG1673
I312640E2,W2KG207342
ID0A47254,W2DB5974
I83835B18,W2KG207347
ICE25214C,W2KG207346
IE429B244,W2KG207551
ID95A1B3B,W2KG207554
IB2202605,W2KG207552
I846F4440,W2KG207566
IC76868E3,W2KG207569
IDA493B7C,W2KG207570
IEDABAB65,W2KG207571
IC87ECCFE,W2KG207575
IDABA782E,W2KG207574
I6FF1AB5F,W2KG207577
I87593690,W2KG207576
I14A1D230,W2KG208430
IDCB2CCD6,W2KG208029
IB4C65AC5,W2KG208432
IC40D064D,W2KG208434
I357F1B31,W2KG208435
ID046C358,W2KG209028
IA42A03DA,W2KG209039
ICC37D04F,W2KG209043
I464EE6EA,W2KG209044
I643E61C9,W2KG209045
IB8C75B8D,W2KG209047
IE911416A,W2KG209046
IED0DD251,W2KG209048
I09300C59,W2KG209049
IC36E1D77,W2KG209050
IAA21B9B4,W2KG209051
IB26609CC,W2KG209053
I299A989A,W2KG209052
I460F9670,W2KG209056
I89A68360,W2KG209054
IBC16E9F2,W2KG209059
I13B129B4,W2KG209069
IF7DEC78E,W2KG209071
IFFD8CE49,W2KG209072
I8D7DDF17,W2KG209060
I762BD44D,W2KG209073
IE055231E,W2KG209078
I4AE2F9AB,W2KG209079
I32111F7C,W2KG209080
I8F922AE5,W2KG209081
IC010E13D,W2KG209082
I27EC3328,W2KG209085
IDD3DD918,W2KG209123
I948FD97D,W2KG209786
I7811A493,W2KG209787
IC3622E28,W2KG209788
IB291EBA4,W2KG209841
IADF40482,W2KG209983
I85D42F3B,W2KG209984
I35B40873,W2KG209985
I23E3A23A,W1PD95727
I39808508,W2KG209986
I72B34AFA,W2KG210016
IC4C884EC,W2KG210017
I70B44FA1,W2KG210018
IB6EB8A4E,W2KG209077
I46FC09E5,W2KG210019
IF9E4B894,W2KG210020
I5CFE4BA9,W2KG210021
I77F1F2CF,W2KG210022
I7407C325,W2KG210023
I25F2C757,W2KG210025
I282132D5,W2KG210024
I7704EE4D,W2KG212702
I09254414,W2KG212703
ICFAB8FC5,W2KG209991
IEE59E227,W2KG212704
I9A3A4447,W2KG212701
IF6A9C9E6,W2KG212705
IB2B44109,W2KG212711
I7684B78B,W2KG212712
I49436734,W2KG212714
I44CD655F,W2KG212716
IF5435C16,W2KG212717
I319C0B5B,W2KG221945
IFCBC2ACC,W2KG221946
I86558572,W2KG221947
IB2522454,W2KG212708
IE6AFFA40,W2KG212706
IEE53ADC6,W2KG228695
I9A9BA440,W2KG228697
I0C4BFC0E,W2KG228696
I5004667F,W2KG228698
I9A6497B1,W2KG228700
I93897383,W2KG228738
I353D38A9,W2KG228702
I574857C4,W2KG228701
I87DDF1ED,W2PD14768
IFDFDFC23,W2KG5043
IB53AB30E,W2MS813
I652AE334,W2PD17391
IDBD70D47,W2PD17392
I89CA4438,W2PD17393
IFFB38B7F,W2PD17394
I551FD891,W2PD17395
IA6546663,W2PD16865
I5DFD495A,W2PD17397
I0363456C,W2PD17396
I88941229,W2PD17398
I500EC268,W2PD17399
ID859D918,W2PD17403
I0B0A3A2B,W2PD17406
I02F99DB9,W2PD17385
IBA826497,W2PD17404
IF047EC3F,W2PD17433
I4DEF3F09,W2PD17432
I1F5A5C14,W2PD17434
IF9094697,W2PD17436
IEBCC2550,W2PD17435
I4741669B,W2PD17438
IFCF9AFCC,W2PD17437
I8AC44998,W2PD17442
IEC5C2DCD,W2PD17444
IB56BCB92,W2PD17443
I861B7F7F,W2PD17445
I8309A43A,W2PD17447
I8CFCB0F4,W2PD17446
IE7262EC3,W2PD17449
I9DD83268,W2PD17450
I659A4904,W2PD17451
I01EA2FA5,W2PD17455
IB1051931,W2PD17430
I74108794,W2PD17448
I88A5C88C,W2PD17601
I85558157,W2PD17602
IDD70D73C,W2PD17467
I55BF2423,W2PD17465
I15C0041B,W2PD17603
I320E4142,W2PD17605
IC233D6F7,W2PD17604
I625542BF,W2PD17606
I9E0FE79C,W2PD17608
I60E44B6A,W2PD17611
I832D0F8C,W2PD17612
IA9FF9D93,W2PD17613
I0A3296CC,W2PD17615
I1B30070A,W2PD17617
I818428ED,W2PD17619
I99904569,W2PD17623
IBC408590,W2PD17621
I46AA155C,W2PD17624
I47766791,W2PD17622
I4C60D093,W2PD17628
IBB26AA46,W2PD17631
I1D0651F1,W2PD17629
I7E40A42B,W2PD17633
IA395D045,W2PD17634
I2F8F464B,W2PD17632
IA584D666,W2PD17637
I2C222B99,W2PD17638
IF534477A,W2PD17636
IE0064639,W2PD17639
ID0F9939D,W2PD17643
I81B896CC,W2PD17644
IE6878A3C,W2PD17626
I343AD4A5,W2PD18390
ID4713C4A,W2PD19086
I1B16B441,W2PD19089
I214A8AC8,W2PD19091
I44A4E29F,W2PD19092
I28E8BB30,W2PD19095
I76555046,W2PD19096
I7FFFAF36,W2PD19098
I0882B3AB,W2PD19100
I66420440,W2PD19099
IA33B000F,W2PD19102
I1D9F7DC4,W2PD19101
I6EFA8607,W2PD19103
I1E514E69,W2PD19104
I47ED5EE5,W2PD19106
I944936B3,W2PD19105
I5833B059,W2PD19108
I45EB5600,W2PD19109
IB9D694E9,W2PD19107
IEADBBE40,W2PD19110
I3635FFD3,W2PD19112
IBC366E4E,W2PD19111
I451EDD0E,W2PD19380
I2416BE62,W30025
I9730C793,W30026
I01B01CB4,W30033
I8304172B,W2PD19351
I7FBA75F1,W30034
I89EADA03,W30058
IBB155E74,W30069
IE65C8FC4,W30035
I8730F2FD,W30037
IF1447F95,W30131
I85B27B36,W30106
I8645BD24,W30135
IB70F37EB,W30151
ID13D484D,W30155
I834DEB77,W30182
IADA3361C,W30268
IC9FD0FA6,W30362
I0ABEB344,W3033
IFD9B9DE3,W30363
I4F7A7F45,W30385
I43B8CFB8,W30389
I2CE662BB,W30391
I00BCCC05,W30408
IE402E0FA,W30450
I9798A74C,W30428
IB23525C2,W30451
I047926AB,W30468
I5B6CE4C0,W30092
I7772427E,W30469
ICCB49881,W30474
IC3F4C932,W30475
I06D78086,W30478
IBCCCF99C,W30479
I3ECA4EBB,W30462
IB1141D1D,W30482
I776BF6CB,W30480
IE82A1564,W30490
IF44312E4,W30481
I322BC537,W30518
IA21A71A6,W30520
IAE88499D,W30483
I314F466C,W30521
ID8C8330C,W30522
I292B1263,W30525
I72D42D32,W30523
IE1314CDF,W3CN1545
I20C35825,W3CN1548
I9FFE4CA8,W30527
IB1F1D977,W3CN1551
I45F19EC8,W3CN1554
IC3DA5BAC,W3CN1560
IB62027D4,W3CN1557
IFF8F3CF4,W3CN1569
I624263DC,W30528
I94196431,W3CN1572
I9AAD6162,W3CN1575
IADFF560D,W3CN15689
I9B95546B,W3CN1578
IE757EC7B,W3CN1579
IE975BA69,W3CN15693
I23F298D0,W3CN1582
I55E2A60B,W3CN1585
I3933D76D,W3CN1589
I996116CA,W3CN1592
I288C53FA,W3CN1595
I62838808,W3CN15972
I1D1B81F1,W3CN15971
I2A3F19A1,W3CN15973
I6A7EEE48,W3CN1601
I6B2688DB,W3CN1604
I5D9357D4,W3CN1607
I1E567440,W3CN1610
I5BDFCBBA,W3CN1613
IE2B77429,W3CN1616
I3067A0C1,W3CN16178
I272B04FB,W3CN16175
ICCD04DC3,W3CN15974
IA6868FD1,W3CN16181
I32ACC8CF,W3CN16183
IF75F64DC,W3CN16184
I6DDD333D,W3CN1622
IAAA7A889,W3CN1619
I8AE87173,W3CN1625
I7C5A785C,W3CN1630
I983786D8,W3CN1633
I11E0446A,W3CN1636
I7599686F,W3CN1639
IA946278A,W3CN1642
I81822A75,W3CN1645
IE72B984E,W3CN1651
I35667026,W3CN1654
IF040B084,W3CN16259
IEE33389C,W3CN16599
I2B6C3B50,W3CN16180
I61B86E86,W3CN1660
IF2B4E98F,W3CN1657
I43D82EF9,W3CN1669
I6684A616,W3CN1673
I557D133D,W3CN1665
I845A49CE,W3CN1676
IFD241BD4,W3CN1679
I22F2E228,W3CN1682
I911E5354,W3CN1685
I22F18B6A,W3CN1688
I67907936,W3CN1691
IA3E779E3,W3CN1703
IFC58196F,W3CN1694
I2A7CAB11,W3CN1700
I4CC1CE76,W3CN1714
I6B6FBA43,W3CN1709
I9A3ED50D,W3CN1717
I041F7771,W3CN1720
IFD7F79FF,W3CN1723
IED4D7D3D,W3CN1726
IDE4B604F,W3CN1729
IEF337334,W3CN1706
I7295244F,W3CN17310
I402346D7,W3CN17304
I6B46294F,W3CN21525
I945E244C,W3CN21518
I517C1D11,W3CN21529
I0AF88B8F,W3CN21530
I9D43A08A,W3CN21531
I843E599B,W3CN21532
I2B366E2C,W3CN21533
I2CF49CE3,W3CN21534
IED43A594,W3CN21526
IB80A934B,W3CN21536
I004F7283,W3CN21537
I1059CEA4,W3CN21542
I8120408D,W3CN21543
IE77229FF,W3CN21544
I929A4B4F,W3CN21546
IF5CC61FB,W3CN21541
IA24722E8,W3CN21548
I7F75E595,W3CN21549
I3EBD0521,W3CN21547
I121FB00C,W3CN21550
I423277D7,W3CN21551
I8037F41E,W3CN21553
IA7AAFE0F,W3CN21555
IA91998AE,W3CN21559
I667D3A47,W3CN21563
IDDCB82AD,W3CN21562
I6BCB2EB6,W3CN21527
I6361779A,W3CN21566
IF883D00D,W3CN21565
I01320555,W3CN21624
IB2348CBD,W3CN21625
I7381AE66,W3CN21692
IDB4798B1,W3CN21627
I2B913448,W3CN21694
ID14305A0,W3CN21696
ID04FBDB3,W3CN21695
IE22CE8BC,W3CN21697
I9A0D6110,W3CN21698
I79F7BDC9,W3CN21701
IE1749D1B,W3CN21699
IB0537733,W3CN21703
I1E4396C9,W3CN21704
IC41815DD,W3CN21707
ID8ED498E,W3CN21564
IEE46E451,W3CN21705
I70118D88,W3CN21813
ID7123611,W3CN21812
IC2438B5E,W3CN21837
IBAA08EC4,W3CN21839
IC49EB3A9,W3CN21838
I592EDBEF,W3CN21841
I1B97809E,W3CN21840
I027F1DFA,W3CN21844
ID5C0BFF6,W3CN21845
I08221C1D,W3CN21847
I8C1E0DAC,W3CN21846
I8978C884,W3CN21849
IBFFF6C96,W3CN21848
IB501F528,W3CN22338
IC19852F8,W3CN22040
IBBB267BB,W3CN22344
I9835AC0E,W3CN22346
I120AB0FB,W3CN22347
I8C41C433,W3CN22349
I0D35A260,W3CN22350
I64E440E3,W3CN22355
I9EAB2F44,W3CN22920
IC37CCFC5,W3CN22923
I0E66526E,W3CN22927
I998D65FA,W3CN22931
IED8B5AB2,W3CN22946
I42C4F4E9,W3CN22949
I49014B04,W3CN22339
I89D536F3,W3CN22951
I0FFF4099,W3CN22959
ID8303F61,W3CN22962
IFAF717CC,W3CN22953
I2527F8E1,W3CN22968
IB6EEFB65,W3CN22965
I14329338,W3CN22973
I5C5B8A2B,W3CN22976
ID0FD3D0B,W3CN22971
IA96A9B49,W3CN22979
I114E92E9,W3CN22340
IFFF8CDF9,W3CN22991
I1175D153,W3CN22994
IB150CBB8,W3CN2460
IFB277A7B,W3CN22997
IE35CCAC6,W3CN25661
IF4CA4FF8,W3CN25662
ID941DD34,W3CN25665
I4F93E619,W3CN25664
I616554A5,W3CN22988
I2924BFF5,W3CN25666
I14A725E7,W3CN25668
IA14C0B50,W3CN25669
ID066B601,W3CN25670
I4849114A,W3CN25667
I4844B331,W3CN25676
IE9C66865,W3CN25673
IB8A48C35,W3CN25685
I24555F42,W3CN25679
I84A44E15,W3CN25691
I3BB81FD4,W3CN25682
I4B63AEA1,W3CN25697
I64892784,W3CN25694
I79DEF911,W3CN25688
IBA9B99B2,W3CN25700
I90380308,W3CN25703
I0C93CCBA,W3CN25706
I49D13BD6,W3CN25709
I7C195918,W3CN25713
I88251C8E,W3CN25715
IEE816EAE,W3CN25717
IDDE446DD,W3CN25714
IBB8BB3F3,W3CN25898
I62E92056,W3CN25897
I05EFE10E,W3CN25899
IB7DD4D13,W3CN25900
I44BAA2CE,W3CN25902
I4E60794E,W3CN3214
I9317EBAE,W3CN3209
ID2701405,W3CN3215
I62939B41,W3CN3349
I061511DD,W3CN3401
I6CA2406B,W3CN3402
I2484C36F,W3CN3228
I14C9C383,W3CN3403
I20ECE549,W3CN3407
ID3E9AAF0,W3CN3406
ICB5FEE44,W3CN26219
IECEB5864,W3CN3410
ID4EEAFF1,W3CN3411
ICAECC30E,W3CN3412
IF1A21A92,W3CN3415
I1F814AE8,W3CN3416
I7DBA945F,W3CN3417
I944C4AA5,W3CN3418
I7A03484B,W3CN3420
I342AAF34,W3CN4047
IB2ECB3CF,W3CN4675
I91BC89EB,W3CN3419
I30CA48C9,W3CN4844
I229D7967,W3CN4879
I8934F835,W3CN472
I7EE47D9A,W3CN4909
I26BC6B20,W3CN4942
I159DE972,W3CN4999
IF74EF28C,W3CN5002
I94C8FBE6,W3CN5312
I0C636836,W3CN5475
I116DD611,W3CN5490
I8A65503C,W3CN5493
IBBFEB1EB,W3CN5351
I13CC7A8C,W3CN5501
I0282888B,W3CN5507
I44D9DEC6,W3CN5513
IAACAA57F,W3CN5516
ICFFF4F7D,W3CN5496
ICD9D1C62,W3CN5525
I06462013,W3CN5532
I60068AA9,W3CN5528
I7458807A,W3CN5543
IE3E55E98,W3CN5546
I1A56D1BC,W3CN5535
I6DDCFCD3,W3CN5549
IA34587C3,W3CN5555
IE3F6449C,W3CN5552
I49A924BA,W3CN5565
I441FF15E,W3CN5568
I2C5722CB,W3CN5561
I5A7881A6,W3CN5571
I0BE3E1C5,W3CN5580
IC32F83C9,W3CN5577
I3EB8DAE9,W3CN5593
I073650D8,W3CN5609
I1A087A3A,W3CN5621
I84C0B065,W3CN5618
I9499907A,W3CN5645
IFA2C0004,W3CN5673
I5EBAA0B7,W3CN5676
I2B6A8AC1,W3CN5679
I5F566080,W3CN5660
I8432D9CC,W3CN6021
I5A6BB585,W3CN6024
I4EB1D8FB,W3CN5823
IC94248C5,W3CN6332
I9CCCAD88,W3CN6027
IC7D2D46D,W3CN6391
IDFACFE29,W3CN6338
I445D2D5F,W3CN6397
I586B933D,W3CN6400
I4BF54792,W3CN6403
I9B9DC5B1,W3CN6406
ID17D99D2,W3CN6394
I827FD7A4,W3CN6409
I85D95BB1,W3CN6412
ID7E73303,W3CN6424
I0FC148AB,W3CN6421
I163621ED,W3CN6439
I854C5140,W3CN6442
I20B03833,W3CN6445
I2E9E9ED6,W3CN6458
I4CF14C76,W3CN6492
I4B90D00C,W3CN6495
I59A8F642,W3CN6513
IABAB797A,W3CN6522
IEAD2B4C0,W3CN6534
I8EC2D99B,W3CN6537
I4A3BE1DB,W3CN6540
IA529A71E,W3CN6543
I9D5E9DE4,W3CN6549
I5A7EEDEA,W3CN6588
I4C5CBB49,W3CN6591
I0064600C,W3CN6597
IC7530A5C,W3CN6603
I5AA1F261,W3CN6600
I34727D8B,W3CN6436
I2242D7AA,W3CN6638
I699ADEFE,W3CN6658
IEBD30A9B,W3CN6615
I4E82978B,W3CN6661
I404416E0,W3CN6664
IF776785B,W3CN6667
IF3F43D3F,W3CN6670
I66957CA1,W3CN6673
I68E82675,W3CN6654
IA9B8B68F,W3CN6688
I7E8C058D,W3CN6694
I4F666D67,W3CN6691
I0F929A0D,W3CN6676
IA75B5D3D,W3CN6703
IF3BF43F3,W3CN6706
IC0C6BEAE,W3CN6718
I0413BB03,W3CN6730
I0E045443,W3CN6721
IC5A337B4,W3CN6748
I219D5D19,W3CN6816
I4D8DFB53,W3CN6831
I0B0088D1,W3CN6834
I36B423A0,W3CN6828
IF05A8F5A,W3CN6864
I4FF6424F,W3CN6858
IBD684AB7,W3CN6873
I87B78357,W3CN6870
I3A5594A7,W3CN6876
I960B8094,W3CN6885
I022B5AE7,W3CN6888
IF98BF3C9,W3CN6891
I97FC0706,W3CN6912
IEA528BCD,W3CN6897
IE5FE30E9,W3CN6922
I0AA07844,W3CN6918
IAFAECE8A,W3CN6934
I226627F2,W3CN6937
IA5C06DB6,W3CN6946
IEBAE4D44,W3CN6949
I8627A98F,W3CN6973
I6F650784,W3CN6982
IF61A2291,W3CN6991
I4E12E16D,W3CN6915
I383FFF42,W3CN7013
I991B1DBA,W3CN7007
I206480A3,W3CN7016
I79EAAE66,W3CN7024
IC9493028,W3CN7020
ID853D385,W3CN7027
ID8D86C84,W3CN7033
I458A856B,W3CN7057
I79AFF0F7,W3CN7054
IB6F06449,W3CN7048
I3EEEC444,W3CN7069
IEEBD0000,W3CN7066
ID40A9292,W3CN7075
IB9FE1B77,W3CN7747
ID0EAB1AE,W3CN7738
I4444808B,W3CN7856
I16593B62,W3CN7084
IAA5B35F5,W3CN7930
I8C10827D,W3CN7913
I8F469D69,W3CN8036
I37377B3C,W3CN8043
I056588C2,W3CN8046
IE4CEA186,W3CN7920
IF66FC9FA,W3CN8057
IAB5AF73F,W3CN8049
IB7D8480D,W3CN8060
I00C828F4,W3CN8167
I38B5E36E,W3CN8170
IDA5B7B1F,W3CN8176
IEFE9881D,W3CN8070
ICC29F977,W3CN8185
I877C27FE,W3CN8188
I5625F914,W3CN8191
I05496AE7,W3CN8308
I4E4141A6,W3CN8142
I005FEB72,W3CN8317
I87338DA1,W3CN8320
IAF47E1ED,W3CN8369
IC8E8C9C1,W3CN8366
IF81A434A,W3CN8378
I6814AFA8,W3CN8324
I12A4F458,W3CN8381
I4CCDAA7B,W3CN8387
I73D2585C,W3JT13552
I177BA2DB,W3CN8396
I1D86400B,W3CN8399
I69D63320,W3PD182
ID77822D8,W3PD189
IE66A6E5E,W3PD190
I8A6A9A56,W3PD204
I362D4E3C,W3PD205
I6E91D9ED,W3PD219
IFF9C4992,W3PD220
I33D6EABF,W3PD186
I9F1F1A5F,W3PD228
I82429822,W3PD225
I10A200B2,W3PD354
I41487844,W3PD356
IA3C64A3F,W3PD357
ID5D945DF,W3PD358
IFD799554,W3PD360
ICAC71DFF,W3PD364
IB2BC226F,W3PD188
IB41276B4,W3PD388
IAA6719B3,W3PD229
I4D335365,W3PD399
I48091294,W3PD400
I3AF0EA1D,W3PD394
I3C2F24AF,W3PD404
I6C316C66,W3PD407
I4C4E00DE,W3PD406
IBFBCC2AA,W3PD408
I36A3A4AD,W3PD430
I474FECCC,W3PD410
ID94EA334,W3PD411
ID59A9659,W4CN11884
ID45404F2,W4CN11885
ID53FD4AE,W4CN11886
I7C68C3DE,W4CN11887
I9AC269EE,W4CN11882
I2074DA4F,W4CN11889
IF236B489,W4CN11890
I1F1E4B9E,W4CN11891
I5C373EB2,W4CN11892
IA4DFAACA,W4CN11888
I85BC1C87,W4CN11894
IA0EFE9C0,W4CN11893
I7C98B859,W4CN11896
I121A69DE,W4CN11897
I91530E5B,W4CN11898
I6AE6BDC9,W4CN11895
I85A51844,W4CN11900
IC3A72253,W4CN11902
I444A44A3,W4CN11901
ID14A3BFA,W4CZ24515
I643F2624,W4CZ294730
IFD5DCFD8,W4CZ294733
IA81C1E4D,W4CZ294734
I6D5A2E15,W4CZ294905
IB207B277,W4CZ294906
I0078B330,W4CZ294907
I9A7EF073,W4CZ294908
IC34BB3C2,W4CN11899
I46C40B8D,W4CZ294909
IB4FBFC06,W4CZ294732
I732C54A7,W4CZ294910
I29D22976,W4CZ295079
IB5E03D1B,W4CZ295081
I220A4801,W4CZ295082
I8CFA485B,W4CZ295929
I05B2F6EF,W4CZ295931
I848EA585,W4CZ295083
IDFDC54E5,W4CZ296098
I0A02772A,W4CZ295067
IC566CB82,W4CZ296780
I40D6BC26,W4CZ299877
I47427909,W4CZ296786
ID5DB5AA2,W4CZ299878
I9E198E10,W4CZ299881
I15224D17,W4CZ295940
IE4DFDC89,W4CZ299882
I53F7F805,W4CZ299883
I1E45FE42,W4CZ299889
I1439E343,W4CZ307786
I74284EF4,W4CZ299887
I36772226,W4CZ307978
I1D66ACC9,W4CZ307985
IBDD1D971,W4CZ307971
I75BCBC84,W4CZ307967
IEE173E7D,W4CZ309049
IC9362966,W4CZ307986
IAA8B584B,W4CZ307987
I53345AE4,W4CZ309050
I27A55757,W4CZ315240
IFE4A9F3E,W4CZ31321
I1416E6E4,W4CZ315242
ID2F8ECE9,W4CZ315245
I828C1B51,W4CZ315244
I9DDE1A97,W4CZ315249
IEEC66A65,W4CZ315247
I2DE6ACFE,W4CZ315254
ICDF62DA6,W4CZ315256
I6707C556,W4CZ315257
IDB0B5709,W4CZ315258
I99983BB3,W4CZ315255
IECFFF13F,W4CZ315259
IA222EFF4,W4CZ315262
I54E85E43,W4CZ315260
I344F1DE7,W4CZ315266
I232263A6,W4CZ315270
IA65198BB,W4CZ315267
I93A2C28A,W4CZ315279
IA497566E,W4CZ315281
I34073C64,W4CZ315282
IBF6C7152,W4CZ315285
IE7B33F88,W4CZ321158
I88955475,W4CZ321159
I7D7D2B21,W4CZ321160
ID9FFA384,W4CZ321164
I20AF37E9,W4CZ321163
I6686468C,W4CZ321167
I1DFBDC71,W4CZ321165
I67A2672C,W4CZ321169
I03F53254,W4CZ321168
IFABB70C0,W4CZ321194
IC0F909C7,W4CZ321201
I74C9EC77,W4CZ321197
I2AA73A10,W4CZ321198
IFDF66CB6,W4CZ328519
IF39913BA,W4CZ328524
IAAF0DE04,W4CZ328535
I76B31417,W4CZ328520
IF3DB5F2F,W4CZ328548
IDF0D4AFF,W4CZ328525
I65FBE4E3,W4CZ328549
IF9E37EF1,W4CZ328552
I22D7962A,W4CZ328551
I3BAF955A,W4CZ328560
I5D2625A4,W4CZ328545
IFD4586CC,W4CZ328562
I769A99A3,W4CZ328566
I17983F98,W4CZ328568
I9CF5A996,W4CZ328565
I7487F771,W4CZ332380
IC8FAF2AF,W4CZ332381
I612B0325,W4CZ33247
IA9DC36EA,W4CZ331368
IB008C43F,W4CZ332934
I116B781E,W4CZ332379
I546695F0,W4CZ33249
IE96656BE,W4CZ332936
I1DDDAA36,W4CZ332935
I9357008C,W4CZ332937
I73A31144,W4CZ332943
IDB9E3A33,W4CZ332941
IF86BEBFE,W4CZ332944
I9B388A38,W4CZ332946
I1A80880A,W4CZ332947
I4915420C,W4CZ332948
IBA9ABB4F,W4CZ332949
I48DA8709,W4CZ332951
I266B3C0C,W4CZ333400
I5D822230,W4CZ333392
I411CC16C,W4CZ333404
I4DE0FDFF,W4CZ332953
IED4E3760,W4CZ333409
I35E4A37C,W4CZ333419
IC691448E,W4CZ333412
IE0912DDC,W4CZ333423
ID3A888BD,W4CZ333429
I0F1DECE0,W4CZ333420
IAD2BAE5E,W4CZ34262
IB14486B3,W4CZ346619
I164CA3E4,W4CZ346620
I970D7058,W4CZ346622
I5243B663,W4CZ34261
I1ECDDD4D,W4CZ346643
I1F1BF1F1,W4CZ346627
IC63A1AA6,W4CZ346649
I2F3A0FF3,W4CZ346650
IAA4BF0A8,W4CZ354417
I9A909921,W4CZ346644
IAEA8628A,W4CZ354418
IAA407468,W4CZ354421
I4C4C1F77,W4CZ354419
I4B7BC178,W4CZ354425
I0138148B,W4CZ354424
IBF2E4FCD,W4CZ354446
I2A7711D2,W4CZ354447
IE993B8D3,W4CZ34105
I57FCC371,W4CZ354449
IFCA00A3E,W4CZ354445
I4BC8FFF7,W4CZ354448
I7161B4A0,W4CZ354961
I21F2D2FD,W4CZ354962
IF090B454,W4CZ354965
I72A0A8A7,W4CZ354450
I54AB17C7,W4CZ354963
I2346BF5C,W4CZ354968
IE9F14134,W4CZ354967
I188EE10F,W4CZ354970
IF2C6F78B,W4CZ354969
I57CC967C,W4CZ354976
I02438F2F,W4CZ354974
I79C459FC,W4CZ354977
I0908C895,W4CZ354979
I93D8B632,W4CZ354985
IF345A535,W4CZ354982
IC6DFFB2A,W4CZ354995
I8D08AC10,W4CZ355726
I54BBA268,W4CZ355727
I60BAC386,W4CZ355729
IB44587EF,W4CZ355732
I557E74F8,W4CZ355731
I67470307,W4CZ354966
IFA9E29EA,W4CZ355733
I4FD1DDDC,W4CZ355738
I4C58E7B8,W4CZ355737
I49B4580B,W4CZ355734
IE157F295,W4CZ355740
I4405572E,W4CZ355743
I8B4CBE49,W4CZ355741
I5D653B1E,W4CZ355744
I6F7AA317,W4CZ355747
I22C2F721,W4CZ355748
IFB748640,W4CZ355749
IF1AC5B71,W4CZ355750
ID4764D64,W4CZ355752
I46C27DE7,W4CZ355890
IB2D4BDBB,W4CZ355785
I30F2810D,W4CZ355894
I2214DDD4,W4CZ364070
IE6244F88,W4CZ364071
I784C17F7,W4CZ364069
IC75C0A45,W4CZ364072
IEE8FC919,W4CZ364073
I36C6B72E,W4CZ355892
I74FB9FC8,W4CZ364074
ID5D88D9A,W4CZ45266
IE446E415,W4CZ364079
IC88559A5,W4CZ46031
IEE7BD155,W4CZ364076
I5E46AA64,W4CZ7933
I91EE7D1B,W4CZ62374
IB2674EE9,W4PD504
I09F52333,W5211
I8E636E6C,W5329
I0E5857E5,W7494
I2EAACEA1,W7667
I83499080,W8248
ICECBC738,W8483
I6AABA746,W8LS16976
IB365E59D,W8LS17281
IAA33C2A9,W8LS17667
I65086F51,W8LS17983
I03387B72,W8LS17985
ID715A249,W8LS17993
I73899DA5,W8LS18008
I6BB23D72,W8LS18012
I28DD6B54,W8LS18165
I58FA7E1F,W8LS18169
IA120E420,W8LS18180
I99C8FD49,W8LS18146
IBAAC2941,W8LS18235
I7CFE699E,W8LS18181
I4E54F5EA,W8LS18445
I57C7F1E7,W8LS18451
IE8386CC3,W8LS18448
I255866E5,W8LS18457
I2420B82B,W8LS18454
I78093403,W8LS18463
IFADCF405,W8LS18466
IDA281FE3,W8LS18460
IFFAEF3F4,W8LS18472
I09F494BD,W8LS18478
I175AEA29,W8LS18475
IE8BAAD8E,W8LS18481
ID6ADDD45,W8LS18484
I4B3AAB10,W8LS18487
ID957952A,W8LS18493
IBCD4228B,W8LS18499
I48F4E5F0,W8LS18502
IA003E753,W8LS18496
IECD40828,W8LS18505
I5CE5F8EC,W8LS18508
I70CC02D3,W8LS18511
I23556363,W8LS18517
I4FC36364,W8LS18526
IDAE2D6F6,W8LS18523
I0577A52D,W8LS18529
I8C4FEBA2,W8LS18532
I4445459F,W8LS18538
I44F83388,W8LS18535
IB534A99B,W8LS18544
I63D7D960,W8LS18541
I44444438,W8LS18547
I939A6E02,W8LS18550
IB336E494,W8LS18553
IF57662E9,W8LS18559
I0CC44039,W8LS18556
I2C234B12,W8LS18562
I922CC174,W8LS18565
IC079848F,W8LS18568
I3C96CAD0,W8LS18574
I960A76EC,W8LS18577
I6BB59299,W8LS18583
I086BA8BB,W8LS18586
I84827A74,W8LS18589
I93443594,W8LS18598
IE468DCD1,W8LS18592
I0B0A631D,W8LS18604
I87488B22,W8LS18601
I494EAB4B,W8LS18607
IDE88822E,W8LS18610
IE6E66041,W8LS18616
I30193424,W8LS18619
IC1C5F5FD,W8LS18613
IC7D6272C,W8LS18622
IC59C93CD,W8LS18628
I0999C6C7,W8LS18631
IAAF0BAEF,W8LS18634
I391919D6,W8LS18637
IC5B956B4,W8LS18640
ICDC48DBB,W8LS18643
I3394F3E4,W8LS18646
I470AA704,W8LS18652
I44444664,W8LS18655
I2D080D0F,W8LS18664
I8B7E9824,W8LS18658
ICBE3B244,W8LS18667
I24F484F1,W8LS18670
I14FC469C,W8LS18673
I70C9D351,W8LS18676
I9DEB22D0,W8LS18682
I5648BB8A,W8LS18679
I594C8CA6,W8LS18691
I69F1A21B,W8LS18688
IF422DC92,W8LS18694
I022FE806,W8LS18700
I4D6EF195,W8LS18697
I532C75D2,W8LS18706
I7D8BB77D,W8LS18703
IAF8F9F1E,W8LS18733
ICCB19AFC,W8LS18736
IA10AEC43,W8LS18739
I2A0D2F94,W8LS18742
I24EC88BD,W8LS18745
I7F480A0B,W8LS18748
IC11930BF,W8LS18751
IC2555ACE,W8LS18754
I74DD7402,W8LS18760
IAA5A9552,W8LS18766
I2215E56C,W8LS18763
I6AA41A1A,W8LS18769
IEAA0D0CE,W8LS18775
IE14EA0C1,W8LS18778
IB3BF4641,W8LS18772
I1BB564B5,W8LS18781
I5360B5C1,W8LS18784
I34E09189,W8LS18787
I76750855,W8LS18793
ID93EB9D1,W8LS18796
I4E09655F,W8LS18901
I44E45FC9,W8LS18790
I89D0D1C5,W8LS18904
ID9B42BAE,W8LS18907
I14D71184,W8LS18910
I573DF3A2,W8LS18913
I2B4E10F1,W8LS18919
I764CB6EE,W8LS18916
I3025A15A,W8LS18922
I2224A033,W8LS18931
I2701DEB7,W8LS18928
I14927140,W8LS18925
ID8EEF8C2,W8LS18934
I3484E1B8,W8LS18943
I44767CE1,W8LS18940
IFAFECE66,W8LS18937
IBC184A0F,W8LS18952
I7DE17526,W8LS18958
ICBB0C3BC,W8LS18967
I7204CCBC,W8LS18964
I534915FF,W8LS18961
IC4A7BAF8,W8LS18970
I59766297,W8LS18973
I7E4568BE,W8LS18979
IC314496B,W8LS18976
I6581A689,W8LS18982
IA3513324,W8LS18988
IBC2DBC07,W8LS18985
I4FCA3EA4,W8LS18991
I43976CB9,W8LS18997
I07496890,W8LS19000
I54BFC2BD,W8LS18994
IBEAAD872,W8LS19003
I4DB6A0CB,W8LS19009
I50BF649B,W8LS19012
I787393D6,W8LS19015
I1D6F5D18,W8LS19027
I8774596F,W8LS19030
I8D4FF452,W8LS19024
I777A7276,W8LS19033
IBDB99BE8,W8LS19006
I11F41411,W8LS19042
I60845A75,W8LS19045
I20B71CC4,W8LS19036
I1C09B9C8,W8LS19057
I53CE37AE,W8LS19054
I480AFE18,W8LS19066
I29E844B1,W8LS19072
I4568D31B,W8LS19039
I411CFA51,W8LS19063
I907752D5,W8LS19075
I329A0C83,W8LS19081
I9011A5CC,W8LS19078
IBEAB4E99,W8LS19087
I89F01909,W8LS19093
I8CDC090E,W8LS19084
IE2B425ED,W8LS19090
IBB5BD1FF,W8LS19096
ID8B538B9,W8LS19099
I0910F398,W8LS19105
I34F53043,W8LS19108
I479F2888,W8LS19102
I2057578B,W8LS19111
I59C84BBA,W8LS19117
I382093E5,W8LS19114
IACE7BC28,W8LS19120
I96E16E72,W8LS19123
I0721B6AD,W8LS19126
I829FB8B3,W8LS19132
IC877822B,W8LS19129
I1B1B0001,W8LS19141
IF7AE007B,W8LS19138
I2DC127D7,W8LS19144
IDBE5E749,W8LS19135
IA21D5947,W8LS19153
I5F290C1A,W8LS19147
IEF0449C4,W8LS19156
I47E4535C,W8LS19159
ID88A99AE,W8LS19168
IC6E7FFEF,W8LS19162
IFE976B0E,W8LS19165
I51792B85,W8LS19177
ICE00DD61,W8LS19180
I94297297,W8LS19183
I54A04EFF,W8LS19186
IBE96E08A,W8LS19171
I4B482802,W8LS19195
IC9283CE6,W8LS19198
I12980088,W8LS19189
I94640F43,W8LS19192
I52C5D7EE,W8LS19201
I33710B90,W8LS19204
I4E41D3DD,W8LS19207
I72723212,W8LS19210
I4991ABED,W8LS19213
I5BCC0339,W8LS19222
I42F4340A,W8LS19219
IBD592933,W8LS19231
IA8449247,W8LS19228
IDEA33DDA,W8LS19225
I1A850AEE,W8LS19237
IB639B666,W8LS19243
IE2A4C4CA,W8LS19240
I505E226A,W8LS19234
I77C52447,W8LS19249
I29AB4ACB,W8LS20233
IE45C2455,W8LS20230
I0E3A2C4A,W8LS20239
I3F291DED,W8LS20248
I6A55B8BF,W8LS20236
IBC32D9F3,W8LS20254
I28C929A8,W8LS20245
IF1C1B627,W8LS20257
IB8330158,W8LS20260
I4EA90B60,W8LS20263
I18875915,W8LS20251
IB9BAC7C9,W8LS20272
IA84D29DA,W8LS20269
I99454765,W8LS20278
IF484080A,W8LS20266
ID0653E05,W8LS20275
I6093BE34,W8LS20281
I5BDEDB2D,W8LS20284
ICDCF8F63,W8LS20287
IB680CCC5,W8LS20290
IA23FA117,W8LS20293
I39671313,W8LS20296
I90D2DC9A,W8LS20302
I002B4D42,W8LS20305
I543FD21A,W8LS20308
IBB3B71E4,W8LS20299
IFFFD105F,W8LS20314
IF84A5671,W8LS20317
I67581283,W8LS20311
I84C8B93E,W8LS20320
I782A8422,W8LS20323
I27F8F36C,W8LS20332
I72B32A19,W8LS20335
IE12A5A75,W8LS20329
I853ABAD7,W8LS20326
I4C4938AC,W8LS20371
I12547CD9,W8LS20341
IB5F43344,W8LS20374
I0DD07B34,W8LS20380
I92B95859,W8LS20383
I54564E58,W8LS20415
ID107F13F,W8LS20386
I07C9819B,W8LS20418
I28DE0409,W8LS20429
I79527057,W8LS20421
I301F5F44,W8LS20436
I12C19261,W8LS20433
I91A35083,W8LS20442
I26939DE3,W8LS20448
IDF3EB4FD,W8LS20451
I0EA10FBF,W8LS20445
IE745B187,W8LS20459
IA3738309,W8LS20462
IFCA1817F,W8LS20468
I0CF3689C,W8LS20465
IE051D5B5,W8LS20471
I518AF707,W8LS20474
I9927CC96,W8LS20477
IA094A00B,W8LS20480
IE4DD1FFF,W8LS20483
IDED15AEC,W8LS20489
IC12CC830,W8LS20486
I410519E9,W8LS20492
ID36C4936,W8LS20495
IEC908EE6,W8LS20498
I0734D907,W8LS20501
I436D0EBF,W8LS20504
I991F8821,W8LS20507
I7718DA9C,W8LS20510
IC4D2A7B1,W8LS20516
IE8777417,W8LS20519
I444BFAD4,W8LS20522
I830E8F8A,W8LS20525
I54084C51,W8LS20528
I67B505D7,W8LS20531
I48745E6F,W8LS20534
I1A802ABF,W8LS20537
IAC56C612,W8LS20540
IFB2BB7D1,W8LS20543
I1FA4487A,W8LS20549
IA98B8A5C,W8LS20546
I87D8633E,W8LS20561
I7CFCE829,W8LS20564
IA1BFEE74,W8LS20567
ID0BCF5F7,W8LS20570
I93DD8031,W8LS20573
I95D3A494,W8LS20576
IA70B611C,W8LS20579
I40D0ED30,W8LS20582
I95F2A228,W8LS20585
I223C46D2,W8LS20588
I2E6F2FCE,W8LS20591
I794173B9,W8LS20604
IA30ADB09,W8LS20611
I5B957C73,W8LS20594
I294B9054,W8LS20614
I1344D203,W8LS20620
I99B22399,W8LS20631
IFFEB2CC0,W8LS20634
IA39A6DCC,W8LS20640
ID20A9422,W8LS20643
I11991518,W8LS20649
IDD73BB8B,W8LS20652
ID4E2E48A,W8LS20661
ID7B5CA6B,W8LS20658
IB3592044,W8LS20664
I22D612D4,W8LS20667
I6FD57ACA,W8LS20670
I872B25B7,W8LS20677
IDFE98DF8,W8LS20683
I1FA098A5,W8LS20689
I2FA4224D,W8LS20695
IFBFF93C6,W8LS20699
I32266376,W8LS20703
I6B46414F,W8LS20752
ICFD9D45B,W8LS20753
I3DC3A3CF,W8LS20765
IAB8A51DE,W8LS20756
I1C34E948,W8LS22920
I29808809,W8LS20900
I64885086,W8LS22917
IBAE3B62A,W8LS22923
IA2E3C434,W8LS23421
IBFB01D90,W8LS23415
IE9B79C9C,W8LS23436
IEE489CDE,W8LS23427
I1510158F,W8LS23439
I3B79AFDE,W8LS23445
IB501C440,W8LS23463
I8D431E41,W8LS23466
IECEAE0DD,W8LS23472
I14097299,W8LS23469
I65C9A813,W8LS24659
IF46FF9A4,W8LS24671
IF6AE706B,W8LS24743
IF0011242,W8LS24740
I38ABFAEA,W8LS24037
I0F93A3C7,W8LS24749
I1521183C,W8LS25009
IE009A890,W8LS25012
I593E7384,W8LS25015
IA2B636AB,W8LS25021
I2FA5ECD5,W8LS25024
IA59F4FDA,W8LS25030
I41777977,W8LS26561
I80B35290,W8LS26576
I193146AB,W8LS26594
I38C314EA,W8LS25054
ID7882408,W8LS26582
IA8CEEB27,W8LS26597
I74C16F0A,W8LS26606
I123904FE,W8LS26603
IF8694EB6,W8LS26609
I4CCB8EBA,W8LS26616
IE74B7A24,W8LS30933
IF5448097,W8LS26612
IC444431E,W8LS32711
I541D5441,W8LS30619
I29922449,W8LS32714
I25EEA366,W8LS32715
IB043AAEE,W8LS33983
I4CF78B65,W8LS33995
I819E3B47,W8LS33992
I251929A8,W8LS34401
I5BF5F9E5,W8LS30939
I7A47A7F7,W8LS34407
I82C2E22E,W8LS34404
IE6DE56CC,W8LS34510
IFE27AC7C,W8LS34507
I6D6C8926,W8LS34517
I4B894A1C,W8LS34513
I72D72FA3,W8LS34520
I35C4BBB4,W8LS34523
IC56D1A6F,W8LS34529
I8ABF8252,W8LS34826
IE9E41EE4,W8LS34829
IAE9668BF,W8LS34532
I08712514,W8LS34835
I1D1CBB68,W8LS34832
I10499E99,W8LS34841
I4CBADABB,W8LS34838
I7A744A39,W8LS34844
I59985712,W8LS35867
IBBF646B4,W8LS35880
IB6A94124,W8LS34847
I43233353,W8LS35887
IE6F7C60B,W8LS35892
I16AA95CA,W8LS35883
I26B43396,W8LS35895
I97B212EB,W8LS35898
IF9877153,W8LS35904
I0626515F,W8LS35901
I0036D0E8,W8LS35907
I578BA89C,W8LS36294
I23257485,W8LS36308
I1CD4E315,W8LS36298
IFA88CECF,W8LS36302
IA8A54DB8,W8LS36309
I4061AA6A,W8LS36503
I3F7D9FBF,W8LS36510
I0B020643,W8LS36527
I388416A5,W8LS41700
I336C3630,W8LS41706
IC8244392,W8LS41707
I5834AA25,W8LS36524
IDDFD4B07,W8LS41708
I4BCF4550,W8LS41742
IC83D2FAF,W8LS41743
I59C2C543,W8LS36351
IE1FF6C9B,W8LS41747
I4D1003A1,W8LS41745
ID0094BF0,W8LS41749
I66EE6245,W8LS41752
I5591F527,W8LS41875
IDFF31647,W8LS41881
IA80224BC,W8LS41880
I58C29255,W8LS41960
I1114E19E,W8LS41971
I271CD2B7,W8LS41948
I7027A4AF,W8LS41962
IA24F9982,W8LS41973
IBCDFDBDD,W8LS41976
I6ABABA29,W8LS41974
I7D87A5F5,W8LS41991
I3A229284,W8LS42113
ID6050A80,W8LS41992
I70960FF0,W8LS41994
I866F47D9,W8LS42115
IF9C71C37,W8LS42130
I4423499C,W8LS42119
I0E222E6F,W8LS42132
I27438365,W8LS42133
IBDE60994,W8LS42134
I3EFFCAE8,W8LS42135
IAAB05563,W8LS42136
I6B8CEAE5,W8LS42114
I30B44201,W8LS42149
IC5447F98,W8LS42152
I9A5EAC9C,W8LS42150
I29E01381,W8LS42153
I24D2D064,W8LS42154
IA61E6414,W8LS42171
I134B441E,W8LS42174
I43427F4A,W8LS42172
I9AA90984,W8LS42176
IE69C2E62,W8LS42175
IAE890999,W8LS42178
IE76B384B,W8LS42179
I3E75C152,W8LS42182
I2C4CC60F,W8LS42204
I44D110E4,W8LS42203
ID524225F,W8LS42207
I77BF3FB6,W8LS42218
ICEE0C033,W8LS42205
I99F29CF6,W8LS42236
I40E5CC0D,W8LS42228
I1B8E4147,W8LS42246
I13E6919C,W8LS42256
I45188600,W8LS42249
IBD8DF402,W8LS42261
IBE31B25B,W8LS42247
I4E0E599A,W8LS42273
ID5391DE1,W8LS42283
IAA1E6DA3,W8LS43778
I1A5485C5,W8LS42292
IC7DE99CB,W8LS43781
I9BC686A9,W8LS43790
I27CC1A83,W8LS43784
I956E41C2,W8LS43793
I5C8466EB,W8LS43814
I48474152,W8LS43817
ICC361318,W8LS43808
IF038B9DA,W8LS43820
I4229B6DF,W8LS43850
IF98FA2A4,W8LS43859
ICFCFFEBE,W8LS43883
I3D3A40D3,W8LS43863
I87B252C4,W8LS43988
I6776B5B0,W8LS43975
I1C25D6C5,W8LS43994
ICDB6649F,W8LS43997
I1664F364,W8LS44000
I35E9890B,W8LS44119
I4AC20060,W8LS44125
I374449A7,W8LS44131
I2DF18FA1,W8LS44122
IF27FBAB8,W8LS44134
ID2D4D2D9,W8LS44128
I193B1518,W8LS44137
IAE74954F,W8LS44152
IC228B398,W8LS44149
I46466F90,W8LS44140
I958B86C8,W8LS44163
I8008D3EE,W8LS44160
ICEB333BF,W8LS44169
I322E3131,W8LS44172
I9F1116FF,W8LS44175
I05E8A60A,W8LS44179
IC5F46EB9,W8LS44185
IB1EBBE02,W8LS44188
ID5BC49A5,W8LS44182
I138381F6,W8LS44216
I33E369C8,W8LS66236
I2AF466AF,W8LS44193
I384D1280,W8LS66239
I3E1A14C4,W8LS66242
I558DCD0D,W8LS66224
ICE07CC2B,W8LS66254
I20FCB9ED,W8LS66251
IDAFD85E6,W8LS66257
I736C425F,W8LS66274
IA04CFB54,W8LS66260
I66BE8498,W8LS66290
I5439F6C0,W8LS66293
I9645CB4E,W8LS66277
I227144CA,W8LS66346
I7EBEDBB7,W8LS66296
IDD3440F6,W8LS66306
I104C3FB9,W8LS66352
I6EB1BBDE,W8LS66349
ID2DAAADA,W8LS66358
I0388D827,W8LS66367
I06DE9BCD,W8LS66370
IC4F3F15C,W8LS66376
I98512399,W8LS66379
ID07930E0,W8LS66382
IDE9B4D1D,W8LS66386
I53AB3BE2,W8LS66405
I81448666,W8LS66412
I39CEC5DC,W8LS66440
I924D9099,W8LS66442
IDD0F001E,W8LS66444
I8AFAD17A,W8LS66464
I4CA60064,W8LS66467
ID40DA1DB,W8LS66468
I1F26FD84,W8LS66815
IB71B6BB7,W8LS66816
I709D0063,W8LS66814
IA26D25D5,W8LS66817
I1AC5F830,W8LS66820
IE5EE221B,W8LS66821
I5A7A4750,W8LS66823
IA8224F97,W8LS66822
I21B6B7AC,W8LS66824
I6B3CBC20,W8LS66825
I22C2AFCC,W8LS66826
I5FCDA85D,W8LS66829
ICBE3EBBA,W8LS66827
IC9702072,W8LS66830
IB8F8B23D,W8LS66828
I8F84F148,W8LS66831
I135A21F3,W8LS66833
I9D04D733,W8LS66834
I044866F8,W8LS66835
I4FE5119C,W8LS66832
IEE222E73,W8LS66838
IEAB4A272,W8LS66837
I020A645A,W8LS66840
I792835E7,W8LS66841
IC07FDF8D,W8LS66842
IC141949D,W8LS66844
IE999A534,W8LS66839
I08F84E5A,W8LS66845
I87B1F115,W8LS66846
ICEA22867,W8LS66847
IADD6E755,W8LS66849
I6536662A,W8LS66850
I177C7339,W8LS66843
I6DE3435A,W8LS66851
I4D505E4F,W8LS66852
I1FAA117A,W8LS66854
I793CA868,W8LS66853
I7DC39778,W8LS66848
I0F9D0378,W8LS66855
I48CD4602,W8LS66857
IE83E81AA,W8LS66856
IAB464E3F,W8LS66859
I3086A18E,W8LS66860
IF6A0848C,W8LS66858
IB993ABA3,W8LS66864
IF1390214,W8LS66862
I66165A45,W8LS66863
I13E0F38E,W8LS66868
I62EF6A51,W8LS66870
IA6179132,W8LS66872
I90FA563C,W8LS66865
IC5A6F735,W8LS66869
IB8CBA66A,W8LS66873
I9E79D5F8,W8LS66877
ICBFB2481,W8LS66874
I9DB310F8,W8LS66878
I95921ADF,W8LS66993
I0CC43B53,W8LS67163
I49A355D6,W8LS67166
ID1DB93D9,W8LS67169
I74B4066C,W8LS67172
I327EBB74,W8LS66882
I700C0007,W8LS67173
I7A2A82CE,W8LS67174
IEC1AE3CD,W8LS67175
IEAE528CD,W8LS67176
IFC36CC1D,W8LS67177
I6F9616AF,W8LS67190
I732107DF,W8LS67193
IE9AB91BB,W8LS67504
IFA817D59,W8LS67507
I7999769B,W8LS67513
IE3EA89E5,W8LS67510
I670ED676,W8LS67562
IAA8F6AE1,W8LS67565
IEE8EF5BE,W8LS67568
I240BC8CB,W8LS67608
I2CCB5326,W8LS67611
IAFFAB69D,W8LS67614
I53CDD081,W8LS67629
I54B95F91,W8LS67597
I5E947A49,W8LS67632
IFB8C9593,W8LS67633
I6BACCB5E,W8LS67635
I99EE00A9,W8LS66875
IC481A8A1,W8LS67636
I8E4B34F4,W8LS67653
I6F45FCC5,W8LS67659
I9921143C,W8LS67647
I6595953A,W8LS67674
IB03BE24E,W8LS67678
I3336B36A,W8LS67689
I1D7714C4,W8LS67692
IBCCDEC07,W8LS67682
I54B2D845,W8LS67695
I1A1A481C,W8LS67698
I27AC7F2C,W8LS67701
I704991DC,W8LS67704
IA84D3124,W8LS67707
I5C6F5776,W8LS67710
I8F504600,W8LS67713
I8AA7E304,W8LS67685
I72882326,W8LS67716
I45C1F51B,W8LS67722
IC5ABBEB0,W8LS67725
I39B946A6,W8LS67734
IA1526625,W8LS67719
I7B294F77,W8LS67740
I8FFCCF4C,W8LS67728
I1DD31770,W8LS67737
I944B4A4A,W8LS67743
I67BA6EAF,W8LS67749
IBF48B188,W8LS67746
I37E90E08,W8LS67754
I45190028,W8LS67988
IAA5DCAC0,W8LS67755
I111169B6,W8LS67997
IB2C7914E,W8LS68000
IE902C116,W8LS67991
IEA719797,W8LS68003
I59C16470,W8LS68009
I762D4237,W8LS68006
I68446959,W8LS68012
IF66CF752,W8LS67994
IC478144A,W8LS68013
IF3B3FE80,W8LS68024
I5FF143B2,W8LS68018
I4C96941E,W8LS68027
I15543537,W8LS68033
IF929B797,W8LS68036
I6A696E73,W8LS68039
I9901060C,W8LS68030
I6A981A94,W8LS68045
I2468BE34,W8LS68063
I3798B455,W8LS68042
IA9BF353F,W8LS68064
I4D67002F,W8LS68065
I28D82034,W8LS68066
IF6811549,W8LS68067
I61918879,W8LS68081
IC8330485,W8LS68068
I7E88EBDA,W8LS68138
I15992993,W8LS68084
IAC48433D,W8LS68139
I88F5A559,W8LS68144
IA110A588,W8LS68147
I4FC80798,W8LS68150
I53280C13,W8LS68159
I815F3ECA,W8LS68153
I054A74E4,W8LS68162
ICA56BE6B,W8LS68445
IDDE8BA4B,W8LS68466
I9E995045,W8LS68457
I4C45581C,W8LS73436
IABA1773D,W8LS73433
I765AF7F0,W8LS68469
IF5D8F0F0,W8LS73686
I77A63FE6,W8LS73693
I41F758FC,W8LS73566
I692C43DA,W8LS73690
I3446E4EC,W8LS73733
IACE4084C,W8LS73755
I82222F28,W8LS73740
I64284928,W8LS73722
I02BC165C,W8LS73762
IE506FB63,W8LS73759
I0802FC22,W8LS73787
I01460F54,W8LS73765
